LE_MET_level6;Benthis_metiers;Benthis_metiers_reviewed;Benthis_metiers_old;Metier_level5;Metier_level4;JNCC_grouping;Fishing_category;Description
AG_UND_UND_0_0;;NA;;AG_UND;AG;NA;NA;NA
BTF_DEF_0_0_0;NA;NA;;BTF_DEF;BTF;NA;NA;NA
BTF_DEF_10-30_0_0;NA;NA;;BTF_DEF;BTF;NA;NA;NA
BTF_DEF_110-156_0_0;NA;NA;;BTF_DEF;BTF;NA;NA;NA
BTF_DEF_50-59_0_0;NA;NA;;BTF_DEF;BTF;NA;NA;NA
BTF_DEF_>=220_0_0;NA;NA;;BTF_DEF;BTF;NA;NA;NA
DIV_CEP_0_0_0;NA;NA;;DIV_CEP;DIV;NA;NA;NA
DIV_DEF_0_0_0;NA;NA;;DIV_DEF;DIV;NA;NA;NA
DIV_DES_0_0_0;NA;NA;;DIV_DES;DIV;NA;NA;NA
DIV_MOL_0_0_0;NA;NA;;DIV_MOL;DIV;NA;NA;NA
DRB_CRU_0-0_0_0;NA;DRB_MOL;;DRB_CRU;DRB;Boat_dredge;Dredge;Dredge
DRB_CRU_0_0_0;NA;DRB_MOL;;DRB_CRU;DRB;Boat_dredge;Dredge;Dredge
DRB_DEF_0-0_0_0;NA;DRB_MOL;;DRB_DEF;DRB;Boat_dredge;Dredge;Dredge
DRB_DES_0_0_0;NA;DRB_MOL;;DRB_DES;DRB;Boat_dredge;Dredge;Dredge
DRB_DWS_0-0_0_0;NA;DRB_MOL;;DRB_DWS;DRB;Boat_dredge;Dredge;Dredge
DRB_MOL_0;DRB_MOL;DRB_MOL;;DRB_MOL;DRB;Boat_dredge;Dredge;Dredge
DRB_MOL_0-0_0_0;DRB_MOL;DRB_MOL;;DRB_MOL;DRB;Boat_dredge;Dredge;Dredge
DRB_MOL_0_0_0;DRB_MOL;DRB_MOL;;DRB_MOL;DRB;Boat_dredge;Dredge;Dredge
DRB_MOL_30_0_0;;DRB_MOL;;DRB_MOL;DRB;Boat_dredge;Dredge;Dredge
DRB_MOL_>0_0_0;DRB_MOL;DRB_MOL;;DRB_MOL;DRB;Boat_dredge;Dredge;Dredge
DRB_NOC_0_0_0;;DRB_MOL;;DRB_NOC;DRB;Boat_dredge;Dredge;Dredge
DRB_SWD_0_0_0;NA;DRB_MOL;;DRB_SWD;DRB;Boat_dredge;Dredge;Dredge
FAR_SPF_624;NA;NA;;FAR_SPF;FAR;NA;Other;Aerial_net
FG_DEF_624;NA;NA;;FG_DEF;FG;NA;Static;Falling_gear
FNC_DEF_624;NA;NA;;FNC_DEF;FNC;NA;Static;Falling_gear
FOO_CEP_0_0_0;NA;NA;;FOO_CEP;FOO;NA;NA;NA
FOO_CRU_0_0_0;NA;NA;;FOO_CRU;FOO;NA;NA;NA
FOO_DES_0_0_0;NA;NA;;FOO_DES;FOO;NA;NA;NA
FOO_MOL_0_0_0;NA;NA;;FOO_MOL;FOO;NA;NA;NA
FPN_ANA_>0_0_0;NA;NA;;FPN_ANA;FPN;NA;Static;poundnet
FPN_CAT_0_0_0;NA;NA;;FPN_CAT;FPN;NA;Static;poundnet
FPN_CAT_>0_0_0;NA;NA;;FPN_CAT;FPN;NA;Static;poundnet
FPN_DEF_>0_0_0;NA;NA;;FPN_DEF;FPN;NA;Static;poundnet
FPN_FWS_>0_0_0;NA;NA;;FPN_FWS;FPN;NA;Static;poundnet
FPN_SPF_>0_0_0;NA;NA;;FPN_SPF;FPN;NA;Static;poundnet
FPO_ANA_0_0_0;NA;NA;;FPO_ANA;FPO;NA;Static;Pot
FPO_ANA_>0_0_0;NA;NA;;FPO_ANA;FPO;NA;Static;Pot
FPO_CAT_0_0_0;NA;NA;;FPO_CAT;FPO;NA;Static;Pot
FPO_CAT_10-30_0_0;NA;NA;;FPO_CAT;FPO;NA;Static;Pot
FPO_CAT_31-49_0_0;NA;NA;;FPO_CAT;FPO;NA;Static;Pot
FPO_CAT_>0_0_0;NA;NA;;FPO_CAT;FPO;NA;Static;Pot
FPO_CEP_0_0_0;NA;NA;;FPO_CEP;FPO;NA;Static;Pot
FPO_CRU_0;;NA;;FPO_CRU;FPO;NA;Static;Pot
FPO_CRU_0-0_0_0;NA;NA;;FPO_CRU;FPO;NA;Static;Pot
FPO_CRU_0_0_0;NA;NA;;FPO_CRU;FPO;NA;Static;Pot
FPO_CRU_10-30_0_0;;NA;;FPO_CRU;FPO;NA;Static;Pot
FPO_CRU_1249;NA;NA;;FPO_CRU;FPO;NA;Static;Pot
FPO_CRU_1749;NA;NA;;FPO_CRU;FPO;NA;Static;Pot
FPO_CRU_349;NA;NA;;FPO_CRU;FPO;NA;Static;Pot
FPO_CRU_3999;NA;NA;;FPO_CRU;FPO;NA;Static;Pot
FPO_CRU_50-70_0_0;;NA;;FPO_CRU;FPO;NA;Static;Pot
FPO_CRU_5000;NA;NA;;FPO_CRU;FPO;NA;Static;Pot
FPO_CRU_624;NA;NA;;FPO_CRU;FPO;NA;Static;Pot
FPO_CRU_>0_0_0;NA;NA;;FPO_CRU;FPO;NA;Static;Pot
FPO_CRU_ALL_0_0;;NA;;FPO_CRU;FPO;NA;Static;Pot
FPO_CRU_UND_0_0;NA;NA;;FPO_CRU;FPO;NA;Static;Pot
FPO_DEF_0;;NA;;FPO_DEF;FPO;NA;Static;Pot
FPO_DEF_0-0_0_0;NA;NA;;FPO_DEF;FPO;NA;Static;Pot
FPO_DEF_0_0_0;NA;NA;;FPO_DEF;FPO;NA;Static;Pot
FPO_DEF_110-156_0_0;NA;NA;;FPO_DEF;FPO;NA;Static;Pot
FPO_DEF_349;NA;NA;;FPO_DEF;FPO;NA;Static;Pot
FPO_DEF_624;NA;NA;;FPO_DEF;FPO;NA;Static;Pot
FPO_DEF_>0_0_0;NA;NA;;FPO_DEF;FPO;NA;Static;Pot
FPO_FIF_0_0_0;NA;NA;;FPO_FIF;FPO;NA;Static;Pot
FPO_FIF_>0_0_0;NA;NA;;FPO_FIF;FPO;NA;Static;Pot
FPO_FIN_0_0_0;;NA;;FPO_FIN;FPO;NA;Static;Pot
FPO_FWS_0_0_0;NA;NA;;FPO_FWS;FPO;NA;Static;Pot
FPO_FWS_10-30_0_0;NA;NA;;FPO_FWS;FPO;NA;Static;Pot
FPO_FWS_110-156_0_0;NA;NA;;FPO_FWS;FPO;NA;Static;Pot
FPO_FWS_31-49_0_0;NA;NA;;FPO_FWS;FPO;NA;Static;Pot
FPO_FWS_>0_0_0;NA;NA;;FPO_FWS;FPO;NA;Static;Pot
FPO_MCF_0-0_0_0;NA;NA;;FPO_MCF;FPO;NA;Static;Pot
FPO_MOL_0-0_0_0;NA;NA;;FPO_MOL;FPO;NA;Static;Pot
FPO_MOL_0_0_0;NA;NA;;FPO_MOL;FPO;NA;Static;Pot
FPO_MOL_>0_0_0;NA;NA;;FPO_MOL;FPO;NA;Static;Pot
FPO_MOL_>=29_0_0;;NA;;FPO_MOL;FPO;NA;Static;Pot
FPO_NOC_0_0_0;;NA;;FPO_MOL;FPO;NA;Static;Pot
FPO_SPF_0-0_0_0;NA;NA;;FPO_SPF;FPO;NA;Static;Pot
FPO_SPF_0_0_0;NA;NA;;FPO_SPF;FPO;NA;Static;Pot
FPO_SPF_10-30_0_0;NA;NA;;FPO_SPF;FPO;NA;Static;Pot
FPO_SPF_31-49_0_0;NA;NA;;FPO_SPF;FPO;NA;Static;Pot
FPO_SPF_50-59_0_0;NA;NA;;FPO_SPF;FPO;NA;Static;Pot
FPO_SPF_>0_0_0;NA;NA;;FPO_SPF;FPO;NA;Static;Pot
FPO_SPF_>=220_0_0;NA;NA;;FPO_SPF;FPO;NA;Static;Pot
FYK_CAT_0_0_0;NA;NA;;FYK_CAT;FYK;NA;Static;Fyke nets
FYK_CAT_>0_0_0;NA;NA;;FYK_CAT;FYK;NA;Static;Fyke nets
FYK_CRU_0_0_0;NA;NA;;FYK_CRU;FYK;NA;Static;Fyke nets
FYK_CRU_>0_0_0;NA;NA;;FYK_CRU;FYK;NA;Static;Fyke nets
FYK_DEF_0_0_0;NA;NA;;FYK_DEF;FYK;NA;Static;Fyke nets
FYK_FWS_>0_0_0;NA;NA;;FYK_FWS;FYK;NA;Static;Fyke nets
FYK_SPF_0_0_0;NA;NA;;FYK_SPF;FYK;NA;Static;Fyke nets
FYK_SPF_>0_0_0;NA;NA;;FYK_SPF;FYK;NA;Static;Fyke nets
GEN_DEF_1249;NA;NA;;GEN_DEF;GEN;NA;Static;Gillnet
GEN_DEF_1749;NA;NA;;GEN_DEF;GEN;NA;Static;Gillnet
GEN_DEF_2499;NA;NA;;GEN_DEF;GEN;NA;Static;Gillnet
GEN_DEF_349;NA;NA;;GEN_DEF;GEN;NA;Static;Gillnet
GEN_DEF_624;NA;NA;;GEN_DEF;GEN;NA;Static;Gillnet
GEN_DEF_874;NA;NA;;GEN_DEF;GEN;NA;Static;Gillnet
GEN_SPF_349;NA;NA;;GEN_SPF;GEN;NA;Static;Gillnet
GEN_UNK_349;NA;NA;;GEN_UNK;GEN;NA;Static;Gillnet
GNC_DEF_0;;NA;;GNC_DEF;GNC;NA;Static;Gillnet
GNC_DEF_0_0_0;NA;NA;;GNC_DEF;GNC;NA;Static;Gillnet
GNC_DEF_110-156_0_0;NA;NA;;GNC_DEF;GNC;NA;Static;Gillnet
GNC_DEF_157-219_0_0;NA;NA;;GNC_DEF;GNC;NA;Static;Gillnet
GNC_DEF_349;NA;NA;;GNC_DEF;GNC;NA;Static;Gillnet
GNC_SPF_0_0_0;NA;NA;;GNC_SPF;GNC;NA;Static;Gillnet
GND_ANA_0_0_0;NA;NA;;GND_ANA;GND;NA;Static;Drift_gillnets
GND_ANA_>=157_0_0;;NA;;GND_ANA;GND;NA;Static;Drift_gillnets
GND_CAT_0_0_0;NA;NA;;GND_CAT;GND;NA;Static;Drift_gillnets
GND_CAT_0_40_0;NA;NA;;GND_CAT;GND;NA;Static;Drift_gillnets
GND_CAT_100_119_0;NA;NA;;GND_CAT;GND;NA;Static;Drift_gillnets
GND_CAT_50_59_0;NA;NA;;GND_CAT;GND;NA;Static;Drift_gillnets
GND_CAT_50_70_0;NA;NA;;GND_CAT;GND;NA;Static;Drift_gillnets
GND_CAT_60_79_0;NA;NA;;GND_CAT;GND;NA;Static;Drift_gillnets
GND_CAT_80_99_0;;NA;;GND_CAT;GND;NA;Static;Drift_gillnets
GND_CAT_>=100_0;NA;NA;;GND_CAT;GND;NA;Static;Drift_gillnets
GND_DEF_0_0_0;NA;NA;;GND_DEF;GND;NA;Static;Drift_gillnets
GND_DEF_0_40_0;NA;NA;;GND_DEF;GND;NA;Static;Drift_gillnets
GND_DEF_100_119_0;NA;NA;;GND_DEF;GND;NA;Static;Drift_gillnets
GND_DEF_10_30_0;NA;NA;;GND_DEF;GND;NA;Static;Drift_gillnets
GND_DEF_120_219_0;NA;NA;;GND_DEF;GND;NA;Static;Drift_gillnets
GND_DEF_40_49_0;NA;NA;;GND_DEF;GND;NA;Static;Drift_gillnets
GND_DEF_50_59_0;NA;NA;;GND_DEF;GND;NA;Static;Drift_gillnets
GND_DEF_50_70_0;NA;NA;;GND_DEF;GND;NA;Static;Drift_gillnets
GND_DEF_60_79_0;NA;NA;;GND_DEF;GND;NA;Static;Drift_gillnets
GND_DEF_80_99_0;NA;NA;;GND_DEF;GND;NA;Static;Drift_gillnets
GND_DEF_90_99_0;NA;NA;;GND_DEF;GND;NA;Static;Drift_gillnets
GND_DEF_>=100_0;NA;NA;;GND_DEF;GND;NA;Static;Drift_gillnets
GND_DEF_>=220_0;NA;NA;;GND_DEF;GND;NA;Static;Drift_gillnets
GND_DEF_NA_0_0;;NA;;GND_DEF;GND;NA;Static;Drift_gillnets
GND_FWS_0_0_0;;NA;;GND_FWS;GND;NA;Static;Drift_gillnets
GND_LPF_0_0_0;NA;NA;;GND_LPF;GND;NA;Static;Drift_gillnets
GND_LPF_100_119_0;;NA;;GND_LPF;GND;NA;Static;Drift_gillnets
GND_LPF_50_59_0;NA;NA;;GND_LPF;GND;NA;Static;Drift_gillnets
GND_LPF_60_79_0;NA;NA;;GND_LPF;GND;NA;Static;Drift_gillnets
GND_LPF_80_99_0;NA;NA;;GND_LPF;GND;NA;Static;Drift_gillnets
GND_LPF_>=100_0;NA;NA;;GND_LPF;GND;NA;Static;Drift_gillnets
GND_SPF_0_0_0;NA;NA;;GND_SPF;GND;NA;Static;Drift_gillnets
GND_SPF_0_40_0;NA;NA;;GND_SPF;GND;NA;Static;Drift_gillnets
GND_SPF_10_30_0;NA;NA;;GND_SPF;GND;NA;Static;Drift_gillnets
GND_SPF_120_219_0;NA;NA;;GND_SPF;GND;NA;Static;Drift_gillnets
GND_SPF_50_59_0;NA;NA;;GND_SPF;GND;NA;Static;Drift_gillnets
GND_SPF_50_70_0;NA;NA;;GND_SPF;GND;NA;Static;Drift_gillnets
GND_SPF_60_79_0;NA;NA;;GND_SPF;GND;NA;Static;Drift_gillnets
GND_SPF_80_99_0;NA;NA;;GND_SPF;GND;NA;Static;Drift_gillnets
GND_SPF_90_99_0;NA;NA;;GND_SPF;GND;NA;Static;Drift_gillnets
GND_SPF_>=100_0;NA;NA;;GND_SPF;GND;NA;Static;Drift_gillnets
GNF_DEF_0;;NA;;GNF_DEF;GNF;NA;Static;Gillnet
GNF_DEF_624;NA;NA;;GNF_DEF;GNF;NA;Static;Gillnet
GNS_ANA_0_0_0;NA;NA;;GNS_ANA;GNS;NA;Static;Gillnet
GNS_ANA_100-109_0_0;NA;NA;;GNS_ANA;GNS;NA;Static;Gillnet
GNS_ANA_110-156_0_0;NA;NA;;GNS_ANA;GNS;NA;Static;Gillnet
GNS_ANA_157-219_0_0;NA;NA;;GNS_ANA;GNS;NA;Static;Gillnet
GNS_ANA_31-49_0_0;NA;NA;;GNS_ANA;GNS;NA;Static;Gillnet
GNS_ANA_60-69_0_0;NA;NA;;GNS_ANA;GNS;NA;Static;Gillnet
GNS_ANA_70-79_0_0;NA;NA;;GNS_ANA;GNS;NA;Static;Gillnet
GNS_ANA_80-89_0_0;NA;NA;;GNS_ANA;GNS;NA;Static;Gillnet
GNS_ANA_90-99_0_0;NA;NA;;GNS_ANA;GNS;NA;Static;Gillnet
GNS_ANA_>=157_0_0;NA;NA;;GNS_ANA;GNS;NA;Static;Gillnet
GNS_ANA_>=220_0_0;NA;NA;;GNS_ANA;GNS;NA;Static;Gillnet
GNS_CAT_0_0_0;NA;NA;;GNS_CAT;GNS;NA;Static;Gillnet
GNS_CAT_0_40_0;NA;NA;;GNS_CAT;GNS;NA;Static;Gillnet
GNS_CAT_100_119_0;NA;NA;;GNS_CAT;GNS;NA;Static;Gillnet
GNS_CAT_157-219_0_0;NA;NA;;GNS_CAT;GNS;NA;Static;Gillnet
GNS_CAT_50_59_0;NA;NA;;GNS_CAT;GNS;NA;Static;Gillnet
GNS_CAT_50_70_0;NA;NA;;GNS_CAT;GNS;NA;Static;Gillnet
GNS_CAT_60_79_0;NA;NA;;GNS_CAT;GNS;NA;Static;Gillnet
GNS_CAT_80_99_0;NA;NA;;GNS_CAT;GNS;NA;Static;Gillnet
GNS_CAT_>0_0_0;NA;NA;;GNS_CAT;GNS;NA;Static;Gillnet
GNS_CAT_>=100_0;NA;NA;;GNS_CAT;GNS;NA;Static;Gillnet
GNS_CEP_0_0_0;NA;NA;;GNS_CEP;GNS;NA;Static;Gillnet
GNS_CRU_0;;NA;;GNS_CRU;GNS;NA;Static;Gillnet
GNS_CRU_0-0_0_0;NA;NA;;GNS_CRU;GNS;NA;Static;Gillnet
GNS_CRU_0_0_0;NA;NA;;GNS_CRU;GNS;NA;Static;Gillnet
GNS_CRU_0_40_0;NA;NA;;GNS_CRU;GNS;NA;Static;Gillnet
GNS_CRU_10-30_0_0;NA;NA;;GNS_CRU;GNS;NA;Static;Gillnet
GNS_CRU_100-119_0_0;NA;NA;;GNS_CRU;GNS;NA;Static;Gillnet
GNS_CRU_100_119_0;NA;NA;;GNS_CRU;GNS;NA;Static;Gillnet
GNS_CRU_10_30_0;NA;NA;;GNS_CRU;GNS;NA;Static;Gillnet
GNS_CRU_120-219_0_0;NA;NA;;GNS_CRU;GNS;NA;Static;Gillnet
GNS_CRU_120_219_0;NA;NA;;GNS_CRU;GNS;NA;Static;Gillnet
GNS_CRU_40_49_0;NA;NA;;GNS_CRU;GNS;NA;Static;Gillnet
GNS_CRU_50-70_0_0;NA;NA;;GNS_CRU;GNS;NA;Static;Gillnet
GNS_CRU_50_59_0;NA;NA;;GNS_CRU;GNS;NA;Static;Gillnet
GNS_CRU_50_70_0;NA;NA;;GNS_CRU;GNS;NA;Static;Gillnet
GNS_CRU_60_79_0;NA;NA;;GNS_CRU;GNS;NA;Static;Gillnet
GNS_CRU_624;NA;NA;;GNS_CRU;GNS;NA;Static;Gillnet
GNS_CRU_80_99_0;NA;NA;;GNS_CRU;GNS;NA;Static;Gillnet
GNS_CRU_90-99_0_0;NA;NA;;GNS_CRU;GNS;NA;Static;Gillnet
GNS_CRU_90_99_0;NA;NA;;GNS_CRU;GNS;NA;Static;Gillnet
GNS_CRU_>0_0_0;NA;NA;;GNS_CRU;GNS;NA;Static;Gillnet
GNS_CRU_>=100_0;NA;NA;;GNS_CRU;GNS;NA;Static;Gillnet
GNS_CRU_>=220_0;NA;NA;;GNS_CRU;GNS;NA;Static;Gillnet
GNS_CRU_>=220_0_0;NA;NA;;GNS_CRU;GNS;NA;Static;Gillnet
GNS_DEF_0;;NA;;GNS_DEF;GNS;NA;Static;Gillnet
GNS_DEF_0-0_0_0;NA;NA;;GNS_DEF;GNS;NA;Static;Gillnet
GNS_DEF_0_0_0;NA;NA;;GNS_DEF;GNS;NA;Static;Gillnet
GNS_DEF_0_40_0;NA;NA;;GNS_DEF;GNS;NA;Static;Gillnet
GNS_DEF_10-30_0_0;NA;NA;;GNS_DEF;GNS;NA;Static;Gillnet
GNS_DEF_100-109_0_0;NA;NA;;GNS_DEF;GNS;NA;Static;Gillnet
GNS_DEF_100-119_0_0;NA;NA;;GNS_DEF;GNS;NA;Static;Gillnet
GNS_DEF_100_119_0;NA;NA;;GNS_DEF;GNS;NA;Static;Gillnet
GNS_DEF_10_30_0;NA;NA;;GNS_DEF;GNS;NA;Static;Gillnet
GNS_DEF_110-156;NA;NA;;GNS_DEF;GNS;NA;Static;Gillnet
GNS_DEF_110-156_0_0;NA;NA;;GNS_DEF;GNS;NA;Static;Gillnet
GNS_DEF_110-156_0_0_;NA;NA;;GNS_DEF;GNS;NA;Static;Gillnet
GNS_DEF_110-156_0_0_0;;NA;;GNS_DEF;GNS;NA;Static;Gillnet
GNS_DEF_110_156_0_0;NA;NA;;GNS_DEF;GNS;NA;Static;Gillnet
GNS_DEF_120-219;NA;NA;;GNS_DEF;GNS;NA;Static;Gillnet
GNS_DEF_120-219_0_0;NA;NA;;GNS_DEF;GNS;NA;Static;Gillnet
GNS_DEF_120_219_0;NA;NA;;GNS_DEF;GNS;NA;Static;Gillnet
GNS_DEF_1249;NA;NA;;GNS_DEF;GNS;NA;Static;Gillnet
GNS_DEF_149;NA;NA;;GNS_DEF;GNS;NA;Static;Gillnet
GNS_DEF_157-219_0_0;NA;NA;;GNS_DEF;GNS;NA;Static;Gillnet
GNS_DEF_31-49_0_0;NA;NA;;GNS_DEF;GNS;NA;Static;Gillnet
GNS_DEF_349;NA;NA;;GNS_DEF;GNS;NA;Static;Gillnet
GNS_DEF_40_49_0;NA;NA;;GNS_DEF;GNS;NA;Static;Gillnet
GNS_DEF_50-59_0_0;NA;NA;;GNS_DEF;GNS;NA;Static;Gillnet
GNS_DEF_50-70_0_0;NA;NA;;GNS_DEF;GNS;NA;Static;Gillnet
GNS_DEF_50_59_0;NA;NA;;GNS_DEF;GNS;NA;Static;Gillnet
GNS_DEF_50_70_0;NA;NA;;GNS_DEF;GNS;NA;Static;Gillnet
GNS_DEF_60-69_0_0;NA;NA;;GNS_DEF;GNS;NA;Static;Gillnet
GNS_DEF_60-79_0_0;;NA;;GNS_DEF;GNS;NA;Static;Gillnet
GNS_DEF_60_79_0;NA;NA;;GNS_DEF;GNS;NA;Static;Gillnet
GNS_DEF_624;NA;NA;;GNS_DEF;GNS;NA;Static;Gillnet
GNS_DEF_70-79_0_0;NA;NA;;GNS_DEF;GNS;NA;Static;Gillnet
GNS_DEF_71-89_0_0;;NA;;GNS_DEF;GNS;NA;Static;Gillnet
GNS_DEF_80-89_0_0;NA;NA;;GNS_DEF;GNS;NA;Static;Gillnet
GNS_DEF_80-99_0_0;;NA;;GNS_DEF;GNS;NA;Static;Gillnet
GNS_DEF_80_99_0;NA;NA;;GNS_DEF;GNS;NA;Static;Gillnet
GNS_DEF_874;NA;NA;;GNS_DEF;GNS;NA;Static;Gillnet
GNS_DEF_90-109_0_0;NA;NA;;GNS_DEF;GNS;NA;Static;Gillnet
GNS_DEF_90-99;NA;NA;;GNS_DEF;GNS;NA;Static;Gillnet
GNS_DEF_90-99_0_0;NA;NA;;GNS_DEF;GNS;NA;Static;Gillnet
GNS_DEF_90_99_0;NA;NA;;GNS_DEF;GNS;NA;Static;Gillnet
GNS_DEF_<10_0_0;;NA;;GNS_DEF;GNS;NA;Static;Gillnet
GNS_DEF_>=100_0;NA;NA;;GNS_DEF;GNS;NA;Static;Gillnet
GNS_DEF_>=100_0_0;;NA;;GNS_DEF;GNS;NA;Static;Gillnet
GNS_DEF_>=157_0_0;NA;NA;;GNS_DEF;GNS;NA;Static;Gillnet
GNS_DEF_>=220;NA;NA;;GNS_DEF;GNS;NA;Static;Gillnet
GNS_DEF_>=220_0;NA;NA;;GNS_DEF;GNS;NA;Static;Gillnet
GNS_DEF_>=220_0_0;NA;NA;;GNS_DEF;GNS;NA;Static;Gillnet
GNS_DEF_UND_0_0;;NA;;GNS_DEF;GNS;NA;Static;Gillnet
GNS_DEF_UNK;NA;NA;;GNS_DEF;GNS;NA;Static;Gillnet
GNS_DEF_misc_0_0;NA;NA;;GNS_DEF;GNS;NA;Static;Gillnet
GNS_DWS_0;;NA;;GNS_DWS;GNS;NA;Static;Gillnet
GNS_DWS_0_0_0;NA;NA;;GNS_DWS;GNS;NA;Static;Gillnet
GNS_DWS_100-119_0_0;;NA;;GNS_DWS;GNS;NA;Static;Gillnet
GNS_DWS_120-219_0_0;;NA;;GNS_DWS;GNS;NA;Static;Gillnet
GNS_DWS_>=220_0_0;;NA;;GNS_DWS;GNS;NA;Static;Gillnet
GNS_FIF_0_0_0;NA;NA;;GNS_FIF;GNS;NA;Static;Gillnet
GNS_FWS_0_0_0;NA;NA;;GNS_FWS;GNS;NA;Static;Gillnet
GNS_FWS_10-30_0_0;NA;NA;;GNS_FWS;GNS;NA;Static;Gillnet
GNS_FWS_100-109_0_0;NA;NA;;GNS_FWS;GNS;NA;Static;Gillnet
GNS_FWS_110-156_0_0;NA;NA;;GNS_FWS;GNS;NA;Static;Gillnet
GNS_FWS_157-219_0_0;NA;NA;;GNS_FWS;GNS;NA;Static;Gillnet
GNS_FWS_31-49_0_0;NA;NA;;GNS_FWS;GNS;NA;Static;Gillnet
GNS_FWS_50-59_0_0;NA;NA;;GNS_FWS;GNS;NA;Static;Gillnet
GNS_FWS_60-69_0_0;NA;NA;;GNS_FWS;GNS;NA;Static;Gillnet
GNS_FWS_70-79_0_0;NA;NA;;GNS_FWS;GNS;NA;Static;Gillnet
GNS_FWS_80-89_0_0;NA;NA;;GNS_FWS;GNS;NA;Static;Gillnet
GNS_FWS_90-99_0_0;NA;NA;;GNS_FWS;GNS;NA;Static;Gillnet
GNS_FWS_>0_0_0;NA;NA;;GNS_FWS;GNS;NA;Static;Gillnet
GNS_FWS_>=220_0_0;NA;NA;;GNS_FWS;GNS;NA;Static;Gillnet
GNS_FWS_NA_0_0;NA;NA;;GNS_FWS;GNS;NA;Static;Gillnet
GNS_LPF_0_0_0;NA;NA;;GNS_LPF;GNS;NA;Static;Gillnet
GNS_LPF_0_40_0;NA;NA;;GNS_LPF;GNS;NA;Static;Gillnet
GNS_LPF_100_119_0;NA;NA;;GNS_LPF;GNS;NA;Static;Gillnet
GNS_LPF_120-219_0_0;NA;NA;;GNS_LPF;GNS;NA;Static;Gillnet
GNS_LPF_120_219_0;NA;NA;;GNS_LPF;GNS;NA;Static;Gillnet
GNS_LPF_40_49_0;NA;NA;;GNS_LPF;GNS;NA;Static;Gillnet
GNS_LPF_50_59_0;NA;NA;;GNS_LPF;GNS;NA;Static;Gillnet
GNS_LPF_50_70_0;NA;NA;;GNS_LPF;GNS;NA;Static;Gillnet
GNS_LPF_60_79_0;NA;NA;;GNS_LPF;GNS;NA;Static;Gillnet
GNS_LPF_80_99_0;NA;NA;;GNS_LPF;GNS;NA;Static;Gillnet
GNS_LPF_>=100_0;NA;NA;;GNS_LPF;GNS;NA;Static;Gillnet
GNS_MCD_100-119_0_0;NA;NA;;GNS_MCD;GNS;NA;Static;Gillnet
GNS_MCD_120-219_0_0;NA;NA;;GNS_MCD;GNS;NA;Static;Gillnet
GNS_MOL_10-30_0_0;NA;NA;;GNS_MOL;GNS;NA;Static;Gillnet
GNS_MOL_50-70_0_0;NA;NA;;GNS_MOL;GNS;NA;Static;Gillnet
GNS_MOL_>0_0_0;NA;NA;;GNS_MOL;GNS;NA;Static;Gillnet
GNS_MOL_>=220_0_0;;NA;;GNS_MOL;GNS;NA;Static;Gillnet
GNS_MPD_120-219_0_0;NA;NA;;GNS_MPD;GNS;NA;Static;Gillnet
GNS_MPD_>=220_0_0;NA;NA;;GNS_MPD;GNS;NA;Static;Gillnet
GNS_NOC_120-219_0_0;;NA;;GNS_NOC;GNS;NA;Static;Gillnet
GNS_NOC_>=220_0_0;;NA;;GNS_NOC;GNS;NA;Static;Gillnet
GNS_SPF_0;;NA;;GNS_SPF;GNS;NA;Static;Gillnet
GNS_SPF_0-0_0_0;NA;NA;;GNS_SPF;GNS;NA;Static;Gillnet
GNS_SPF_0_0_0;NA;NA;;GNS_SPF;GNS;NA;Static;Gillnet
GNS_SPF_0_40_0;NA;NA;;GNS_SPF;GNS;NA;Static;Gillnet
GNS_SPF_10-30_0_0;NA;NA;;GNS_SPF;GNS;NA;Static;Gillnet
GNS_SPF_100-119_0_0;NA;NA;;GNS_SPF;GNS;NA;Static;Gillnet
GNS_SPF_100_119_0;NA;NA;;GNS_SPF;GNS;NA;Static;Gillnet
GNS_SPF_10_30_0;NA;NA;;GNS_SPF;GNS;NA;Static;Gillnet
GNS_SPF_110-156_0_0;NA;NA;;GNS_SPF;GNS;NA;Static;Gillnet
GNS_SPF_120-219_0_0;NA;NA;;GNS_SPF;GNS;NA;Static;Gillnet
GNS_SPF_120_219_0;NA;NA;;GNS_SPF;GNS;NA;Static;Gillnet
GNS_SPF_157-219_0_0;NA;NA;;GNS_SPF;GNS;NA;Static;Gillnet
GNS_SPF_16-109;NA;NA;;GNS_SPF;GNS;NA;Static;Gillnet
GNS_SPF_16-109_0_0;NA;NA;;GNS_SPF;GNS;NA;Static;Gillnet
GNS_SPF_31-49_0_0;NA;NA;;GNS_SPF;GNS;NA;Static;Gillnet
GNS_SPF_32-109_0_0;NA;NA;;GNS_SPF;GNS;NA;Static;Gillnet
GNS_SPF_40_49_0;NA;NA;;GNS_SPF;GNS;NA;Static;Gillnet
GNS_SPF_50-59_0_0;NA;NA;;GNS_SPF;GNS;NA;Static;Gillnet
GNS_SPF_50-70_0_0;NA;NA;;GNS_SPF;GNS;NA;Static;Gillnet
GNS_SPF_50_59_0;NA;NA;;GNS_SPF;GNS;NA;Static;Gillnet
GNS_SPF_50_70_0;NA;NA;;GNS_SPF;GNS;NA;Static;Gillnet
GNS_SPF_60-69_0_0;NA;NA;;GNS_SPF;GNS;NA;Static;Gillnet
GNS_SPF_60_79_0;NA;NA;;GNS_SPF;GNS;NA;Static;Gillnet
GNS_SPF_624;NA;NA;;GNS_SPF;GNS;NA;Static;Gillnet
GNS_SPF_70-79_0_0;NA;NA;;GNS_SPF;GNS;NA;Static;Gillnet
GNS_SPF_80_99_0;NA;NA;;GNS_SPF;GNS;NA;Static;Gillnet
GNS_SPF_90-99_0_0;NA;NA;;GNS_SPF;GNS;NA;Static;Gillnet
GNS_SPF_90_99_0;NA;NA;;GNS_SPF;GNS;NA;Static;Gillnet
GNS_SPF_>=100_0;NA;NA;;GNS_SPF;GNS;NA;Static;Gillnet
GNS_SPF_>=157_0_0;NA;NA;;GNS_SPF;GNS;NA;Static;Gillnet
GNS_SPF_>=220_0;NA;NA;;GNS_SPF;GNS;NA;Static;Gillnet
GNS_SPF_>=220_0_0;NA;NA;;GNS_SPF;GNS;NA;Static;Gillnet
GNS_SPF_misc_0_0;NA;NA;;GNS_SPF;GNS;NA;Static;Gillnet
GNS_UNK_0;;NA;;GNS_UNK;GNS;NA;Static;Gillnet
GNS_UNK_349;NA;NA;;GNS_UNK;GNS;NA;Static;Gillnet
GN_DEF_0;;NA;;GN_DEF;GN;NA;Static;Gillnet
GN_DEF_1249;NA;NA;;GN_DEF;GN;NA;Static;Gillnet
GN_DEF_349;NA;NA;;GN_DEF;GN;NA;Static;Gillnet
GN_DEF_624;NA;NA;;GN_DEF;GN;NA;Static;Gillnet
GN_DWS_0;;NA;;GN_DWS;GN;NA;Static;Gillnet
GN_DWS_349;NA;NA;;GN_DWS;GN;NA;Static;Gillnet
GN_UNK_0;;NA;;GN_UNK;GN;NA;Static;Gillnet
GTN_DEF_0_0_0;NA;NA;;GTN_DEF;GTN;NA;Static;Gillnet
GTN_DEF_0_40_0;NA;NA;;GTN_DEF;GTN;NA;Static;Gillnet
GTN_DEF_10_30_0;NA;NA;;GTN_DEF;GTN;NA;Static;Gillnet
GTN_DEF_120_219_0;NA;NA;;GTN_DEF;GTN;NA;Static;Gillnet
GTN_DEF_50_59_0;NA;NA;;GTN_DEF;GTN;NA;Static;Gillnet
GTN_DEF_50_70_0;NA;NA;;GTN_DEF;GTN;NA;Static;Gillnet
GTN_DEF_60_79_0;NA;NA;;GTN_DEF;GTN;NA;Static;Gillnet
GTN_DEF_80_99_0;NA;NA;;GTN_DEF;GTN;NA;Static;Gillnet
GTN_DEF_90_99_0;NA;NA;;GTN_DEF;GTN;NA;Static;Gillnet
GTN_DEF_>=100_0;NA;NA;;GTN_DEF;GTN;NA;Static;Gillnet
GTN_DEF_>=220_0;NA;NA;;GTN_DEF;GTN;NA;Static;Gillnet
GTN_LPF_0_0_0;NA;NA;;GTN_LPF;GTN;NA;Static;Gillnet
GTN_LPF_>=100_0;NA;NA;;GTN_LPF;GTN;NA;Static;Gillnet
GTN_UND_90-99_0_0;;NA;;GTN_UND;GTN;NA;Static;Gillnet
GTR_ANA_0_0_0;NA;NA;;GTR_ANA;GTR;NA;Static;Trammel
GTR_ANA_>=157_0_0;NA;NA;;GTR_ANA;GTR;NA;Static;Trammel
GTR_CAT_NA_0_0;NA;NA;;GTR_CAT;GTR;NA;Static;Trammel
GTR_CEP_0_0_0;NA;NA;;GTR_CEP;GTR;NA;Static;Trammel
GTR_CEP_0_40_0;NA;NA;;GTR_CEP;GTR;NA;Static;Trammel
GTR_CEP_100_119_0;NA;NA;;GTR_CEP;GTR;NA;Static;Trammel
GTR_CEP_10_30_0;NA;NA;;GTR_CEP;GTR;NA;Static;Trammel
GTR_CEP_120_219_0;NA;NA;;GTR_CEP;GTR;NA;Static;Trammel
GTR_CEP_40_49_0;NA;NA;;GTR_CEP;GTR;NA;Static;Trammel
GTR_CEP_50_59_0;NA;NA;;GTR_CEP;GTR;NA;Static;Trammel
GTR_CEP_50_70_0;NA;NA;;GTR_CEP;GTR;NA;Static;Trammel
GTR_CEP_60_79_0;NA;NA;;GTR_CEP;GTR;NA;Static;Trammel
GTR_CEP_80_99_0;NA;NA;;GTR_CEP;GTR;NA;Static;Trammel
GTR_CEP_90_99_0;NA;NA;;GTR_CEP;GTR;NA;Static;Trammel
GTR_CEP_>=100_0;NA;NA;;GTR_CEP;GTR;NA;Static;Trammel
GTR_CEP_>=220_0;NA;NA;;GTR_CEP;GTR;NA;Static;Trammel
GTR_CRU_0-0_0_0;NA;NA;;GTR_CRU;GTR;NA;Static;Trammel
GTR_CRU_0_0_0;NA;NA;;GTR_CRU;GTR;NA;Static;Trammel
GTR_CRU_0_40_0;NA;NA;;GTR_CRU;GTR;NA;Static;Trammel
GTR_CRU_10-30_0_0;NA;NA;;GTR_CRU;GTR;NA;Static;Trammel
GTR_CRU_100-119_0_0;NA;NA;;GTR_CRU;GTR;NA;Static;Trammel
GTR_CRU_100_119_0;NA;NA;;GTR_CRU;GTR;NA;Static;Trammel
GTR_CRU_10_30_0;NA;NA;;GTR_CRU;GTR;NA;Static;Trammel
GTR_CRU_120-219_0_0;NA;NA;;GTR_CRU;GTR;NA;Static;Trammel
GTR_CRU_120_219_0;NA;NA;;GTR_CRU;GTR;NA;Static;Trammel
GTR_CRU_40_49_0;NA;NA;;GTR_CRU;GTR;NA;Static;Trammel
GTR_CRU_50_59_0;NA;NA;;GTR_CRU;GTR;NA;Static;Trammel
GTR_CRU_50_70_0;NA;NA;;GTR_CRU;GTR;NA;Static;Trammel
GTR_CRU_60_79_0;NA;NA;;GTR_CRU;GTR;NA;Static;Trammel
GTR_CRU_80_99_0;NA;NA;;GTR_CRU;GTR;NA;Static;Trammel
GTR_CRU_90_99_0;NA;NA;;GTR_CRU;GTR;NA;Static;Trammel
GTR_CRU_>=100_0;NA;NA;;GTR_CRU;GTR;NA;Static;Trammel
GTR_CRU_>=220_0;NA;NA;;GTR_CRU;GTR;NA;Static;Trammel
GTR_CRU_>=220_0_0;NA;NA;;GTR_CRU;GTR;NA;Static;Trammel
GTR_DEF_0;NA;NA;;GTR_DEF;GTR;NA;Static;Trammel
GTR_DEF_0-0_0_0;NA;NA;;GTR_DEF;GTR;NA;Static;Trammel
GTR_DEF_0_0_0;NA;NA;;GTR_DEF;GTR;NA;Static;Trammel
GTR_DEF_0_40_0;NA;NA;;GTR_DEF;GTR;NA;Static;Trammel
GTR_DEF_10-30_0_0;NA;NA;;GTR_DEF;GTR;NA;Static;Trammel
GTR_DEF_100-119_0_0;NA;NA;;GTR_DEF;GTR;NA;Static;Trammel
GTR_DEF_100_119_0;NA;NA;;GTR_DEF;GTR;NA;Static;Trammel
GTR_DEF_10_30_0;NA;NA;;GTR_DEF;GTR;NA;Static;Trammel
GTR_DEF_110-156_0_0;NA;NA;;GTR_DEF;GTR;NA;Static;Trammel
GTR_DEF_120-219_0_0;NA;NA;;GTR_DEF;GTR;NA;Static;Trammel
GTR_DEF_120_219_0;NA;NA;;GTR_DEF;GTR;NA;Static;Trammel
GTR_DEF_40_49_0;NA;NA;;GTR_DEF;GTR;NA;Static;Trammel
GTR_DEF_50-70_0_0;NA;NA;;GTR_DEF;GTR;NA;Static;Trammel
GTR_DEF_50_59_0;NA;NA;;GTR_DEF;GTR;NA;Static;Trammel
GTR_DEF_50_70_0;NA;NA;;GTR_DEF;GTR;NA;Static;Trammel
GTR_DEF_60_79_0;NA;NA;;GTR_DEF;GTR;NA;Static;Trammel
GTR_DEF_80_99_0;NA;NA;;GTR_DEF;GTR;NA;Static;Trammel
GTR_DEF_90-99;NA;NA;;GTR_DEF;GTR;NA;Static;Trammel
GTR_DEF_90-99_0_0;NA;NA;;GTR_DEF;GTR;NA;Static;Trammel
GTR_DEF_90_99_0;NA;NA;;GTR_DEF;GTR;NA;Static;Trammel
GTR_DEF_>=100_0;NA;NA;;GTR_DEF;GTR;NA;Static;Trammel
GTR_DEF_>=100_0_0;;NA;;GTR_DEF;GTR;NA;Static;Trammel
GTR_DEF_>=157_0_0;NA;NA;;GTR_DEF;GTR;NA;Static;Trammel
GTR_DEF_>=220_0;NA;NA;;GTR_DEF;GTR;NA;Static;Trammel
GTR_DEF_>=220_0_0;NA;NA;;GTR_DEF;GTR;NA;Static;Trammel
GTR_DEF_>=80_0_0;;NA;;GTR_DEF;GTR;NA;Static;Trammel
GTR_DEF_misc_0_0;NA;NA;;GTR_DEF;GTR;NA;Static;Trammel
GTR_FIF_NA_0_0;NA;NA;;GTR_FIF;GTR;NA;Static;Trammel
GTR_FWS_0_0_0;NA;NA;;GTR_FWS;GTR;NA;Static;Trammel
GTR_FWS_>0_0_0;NA;NA;;GTR_FWS;GTR;NA;Static;Trammel
GTR_SPF_32-109_0_0;NA;NA;;GTR_SPF;GTR;NA;Static;Trammel
HAR_UNK_1249;NA;NA;;HAR_UNK;HAR;NA;Other;Harpoon
HAR_UNK_349;NA;NA;;HAR_UNK;HAR;NA;Other;Harpoon
HAR_UNK_624;NA;NA;;HAR_UNK;HAR;NA;Other;Harpoon
HAR_UNK_874;NA;NA;;HAR_UNK;HAR;NA;Other;Harpoon
HMD_MOL_0_0_0;NA;NA;;HMD_MOL;HMD;NA;Dredge;Dredge
HMD_MOL_70-99_0_0;NA;NA;;HMD_MOL;HMD;NA;Dredge;Dredge
HMD_MOL_<16_0_0;NA;NA;;HMD_MOL;HMD;NA;Dredge;Dredge
HMD_MOL_>=120_0_0;NA;NA;;HMD_MOL;HMD;NA;Dredge;Dredge
HMD_MOL_UND_0_0;NA;NA;;HMD_MOL;HMD;NA;Dredge;Dredge
LA_DEF_0;;NA;;LA_DEF;LA;NA;Static;Lines
LA_DEF_0_0_0;NA;NA;;LA_DEF;LA;NA;Static;Lines
LA_DEF_1249;NA;NA;;LA_DEF;LA;NA;Static;Lines
LHM_DEF_0;;NA;;LHM_DEF;LHM;NA;Static;Lines
LHM_DEF_349;NA;NA;;LHM_DEF;LHM;NA;Static;Lines
LHM_FIF_0_0_0;NA;NA;;LHM_FIF;LHM;NA;Static;Lines
LHM_SPF_0;;NA;;LHM_SPF;LHM;NA;Static;Lines
LHM_SPF_624;NA;NA;;LHM_SPF;LHM;NA;Static;Lines
LHM_UNK_0;;NA;;LHM_UNK;LHM;NA;Static;Lines
LHM_UNK_349;NA;NA;;LHM_UNK;LHM;NA;Static;Lines
LHP_CEP_0_0_0;NA;NA;;LHP_CEP;LHP;NA;Static;Lines
LHP_CRU_0-0_0_0;NA;NA;;LHP_CRU;LHP;NA;Static;Lines
LHP_DEF_0;NA;NA;;LHP_DEF;LHP;NA;Static;Lines
LHP_DEF_0-0_0_0;NA;NA;;LHP_DEF;LHP;NA;Static;Lines
LHP_DEF_0_0_0;NA;NA;;LHP_DEF;LHP;NA;Static;Lines
LHP_FIF_-_0_0;NA;NA;;LHP_FIF;LHP;NA;Static;Lines
LHP_FIF_0_0_0;NA;NA;;LHP_FIF;LHP;NA;Static;Lines
LHP_FIN_0_0_0;;NA;;LHP_FIN;LHP;NA;Static;Lines
LHP_LPF_0-0_0_0;NA;NA;;LHP_LPF;LHP;NA;Static;Lines
LHP_LPF_0_0_0;NA;NA;;LHP_LPF;LHP;NA;Static;Lines
LHP_SPF_0-0_0_0;NA;NA;;LHP_SPF;LHP;NA;Static;Lines
LHP_SPF_0_0_0;NA;NA;;LHP_SPF;LHP;NA;Static;Lines
LLD_ANA_0_0_0;NA;NA;;LLD_ANA;LLD;NA;Static;Longlines
LLD_ANA_10-30_0_0;NA;NA;;LLD_ANA;LLD;NA;Static;Longlines
LLD_ANA_50-59_0_0;NA;NA;;LLD_ANA;LLD;NA;Static;Longlines
LLD_ANA_NA_0_0;NA;NA;;LLD_ANA;LLD;NA;Static;Longlines
LLD_CRU_0-0_0_0;NA;NA;;LLD_CRU;LLD;NA;Static;Longlines
LLD_DEF_0;;NA;;LLD_DEF;LLD;NA;Static;Longlines
LLD_DEF_0-0_0_0;NA;NA;;LLD_DEF;LLD;NA;Static;Longlines
LLD_DEF_0_0_0;NA;NA;;LLD_DEF;LLD;NA;Static;Longlines
LLD_DEF_10-30_0_0;NA;NA;;LLD_DEF;LLD;NA;Static;Longlines
LLD_DEF_349;NA;NA;;LLD_DEF;LLD;NA;Static;Longlines
LLD_DEF_624;NA;NA;;LLD_DEF;LLD;NA;Static;Longlines
LLD_DEF_874;NA;NA;;LLD_DEF;LLD;NA;Static;Longlines
LLD_FWS_10-30_0_0;NA;NA;;LLD_FWS;LLD;NA;Static;Longlines
LLD_LPF_0_0_0;NA;NA;;LLD_LPF;LLD;NA;Static;Longlines
LLD_SPF_0-0_0_0;NA;NA;;LLD_SPF;LLD;NA;Static;Longlines
LLD_SPF_0_0_0;NA;NA;;LLD_SPF;LLD;NA;Static;Longlines
LLS_ANA_0_0_0;NA;NA;;LLS_ANA;LLS;NA;Static;Longlines
LLS_ANA_10-30_0_0;NA;NA;;LLS_ANA;LLS;NA;Static;Longlines
LLS_CAT_0_0_0;NA;NA;;LLS_CAT;LLS;NA;Static;Longlines
LLS_CAT_10-30_0_0;NA;NA;;LLS_CAT;LLS;NA;Static;Longlines
LLS_CRU_0;;NA;;LLS_CRU;LLS;NA;Static;Longlines
LLS_CRU_0-0_0_0;NA;NA;;LLS_CRU;LLS;NA;Static;Longlines
LLS_CRU_349;NA;NA;;LLS_CRU;LLS;NA;Static;Longlines
LLS_DEF_-_0_0;NA;NA;;LLD_DEF;LLD;NA;Static;Longlines
LLS_DEF_0;;NA;;LLD_DEF;LLD;NA;Static;Longlines
LLS_DEF_0_0_0;NA;NA;;LLS_DEF;LLS;NA;Static;Longlines
LLS_DEF_10-30_0_0;NA;NA;;LLS_DEF;LLS;NA;Static;Longlines
LLS_DEF_110-156_0_0;NA;NA;;LLS_DEF;LLS;NA;Static;Longlines
LLS_DEF_1249;NA;NA;;LLS_DEF;LLS;NA;Static;Longlines
LLS_DEF_157-219_0_0;NA;NA;;LLS_DEF;LLS;NA;Static;Longlines
LLS_DEF_1749;NA;NA;;LLS_DEF;LLS;NA;Static;Longlines
LLS_DEF_2499;NA;NA;;LLS_DEF;LLS;NA;Static;Longlines
LLS_DEF_349;NA;NA;;LLS_DEF;LLS;NA;Static;Longlines
LLS_DEF_3999;NA;NA;;LLS_DEF;LLS;NA;Static;Longlines
LLS_DEF_50-59_0_0;NA;NA;;LLS_DEF;LLS;NA;Static;Longlines
LLS_DEF_624;NA;NA;;LLS_DEF;LLS;NA;Static;Longlines
LLS_DEF_874;NA;NA;;LLS_DEF;LLS;NA;Static;Longlines
LLS_DEF_>=220_0_0;NA;NA;;LLS_DEF;LLS;NA;Static;Longlines
LLS_DEF_UND_0_0;;NA;;LLS_DEF;LLS;NA;Static;Longlines
LLS_DWS_0;;NA;;LLS_DWS;LLS;NA;Static;Longlines
LLS_DWS_0_0_0;NA;NA;;LLS_DWS;LLS;NA;Static;Longlines
LLS_DWS_1249;NA;NA;;LLS_DWS;LLS;NA;Static;Longlines
LLS_DWS_2499;NA;NA;;LLS_DWS;LLS;NA;Static;Longlines
LLS_DWS_3999;NA;NA;;LLS_DWS;LLS;NA;Static;Longlines
LLS_FIF_-_0_0;NA;NA;;LLS_FIF;LLS;NA;Static;Longlines
LLS_FIF_0_0_0;NA;NA;;LLS_FIF;LLS;NA;Static;Longlines
LLS_FWS_0_0_0;NA;NA;;LLS_FWS;LLS;NA;Static;Longlines
LLS_FWS_10-30_0_0;NA;NA;;LLS_FWS;LLS;NA;Static;Longlines
LLS_FWS_110-156_0_0;NA;NA;;LLS_FWS;LLS;NA;Static;Longlines
LLS_FWS_157-219_0_0;NA;NA;;LLS_FWS;LLS;NA;Static;Longlines
LLS_NOC_0_0_0;;NA;;LLS_NOC;LLS;NA;Static;Longlines
LLS_SPF_0;;NA;;LLS_SPF;LLS;NA;Static;Longlines
LLS_SPF_0-0_0_0;NA;NA;;LLS_SPF;LLS;NA;Static;Longlines
LLS_SPF_0_0_0;NA;NA;;LLS_SPF;LLS;NA;Static;Longlines
LLS_SPF_10-30_0_0;NA;NA;;LLS_SPF;LLS;NA;Static;Longlines
LLS_SPF_349;NA;NA;;LLS_SPF;LLS;NA;Static;Longlines
LLS_SPF_3999;NA;NA;;LLS_SPF;LLS;NA;Static;Longlines
LLS_SPF_624;NA;NA;;LLS_SPF;LLS;NA;Static;Longlines
LLS_SPF_874;NA;NA;;LLS_SPF;LLS;NA;Static;Longlines
LLS_UNK_0;;NA;;LLS_UNK;LLS;NA;Static;Longlines
LLS_UNK_1249;NA;NA;;LLS_UNK;LLS;NA;Static;Longlines
LLS_UNK_349;NA;NA;;LLS_UNK;LLS;NA;Static;Longlines
LL_CRU_0;;NA;;LL_CRU;LL;NA;Static;Longlines
LL_CRU_624;NA;NA;;LL_CRU;LL;NA;Static;Longlines
LL_DEF_0;;NA;;LL_DEF;LL;NA;Static;Longlines
LL_DEF_1249;NA;NA;;LL_DEF;LL;NA;Static;Longlines
LL_DEF_149;NA;NA;;LL_DEF;LL;NA;Static;Longlines
LL_DEF_1749;NA;NA;;LL_DEF;LL;NA;Static;Longlines
LL_DEF_2499;NA;NA;;LL_DEF;LL;NA;Static;Longlines
LL_DEF_349;NA;NA;;LL_DEF;LL;NA;Static;Longlines
LL_DEF_624;NA;NA;;LL_DEF;LL;NA;Static;Longlines
LL_DEF_874;NA;NA;;LL_DEF;LL;NA;Static;Longlines
LL_DWS_0;;NA;;LL_DWS;LL;NA;Static;Longlines
LL_DWS_1749;NA;NA;;LL_DWS;LL;NA;Static;Longlines
LL_SPF_0;;NA;;LL_SPF;LL;NA;Static;Longlines
LL_SPF_1249;NA;NA;;LL_SPF;LL;NA;Static;Longlines
LL_SPF_349;NA;NA;;LL_SPF;LL;NA;Static;Longlines
LL_SPF_624;NA;NA;;LL_SPF;LL;NA;Static;Longlines
LL_UNK_0;;NA;;LL_UNK;LL;NA;Static;Longlines
LL_UNK_349;NA;NA;;LL_UNK;LL;NA;Static;Longlines
LN_CRU_0_0_0;NA;NA;;LN_CRU;LN;NA;Static;Lift nets
LN_DEF_0_0_0;NA;NA;;LN_CRU;LN;NA;Static;Lift nets
LTL_DEF_0;;NA;;LN_CRU;LTL;NA;Static;Lines
LTL_DEF_0_0_0;NA;NA;;LN_CRU;LTL;NA;Static;Lines
LTL_DEF_349;NA;NA;;LTL_DEF;LTL;NA;Static;Lines
LTL_LPF_0_0_0;NA;NA;;LTL_LPF;LTL;NA;Static;Lines
LTL_SPF_0;;NA;;LTL_SPF;LTL;NA;Static;Lines
LTL_SPF_0_0_0;NA;NA;;LTL_SPF;LTL;NA;Static;Lines
LTL_SPF_1249;NA;NA;;LTL_SPF;LTL;NA;Static;Lines
LTL_SPF_2499;NA;NA;;LTL_SPF;LTL;NA;Static;Lines
LTL_SPF_349;NA;NA;;LTL_SPF;LTL;NA;Static;Lines
LTL_SPF_624;NA;NA;;LTL_SPF;LTL;NA;Static;Lines
LTL_SPF_874;NA;NA;;LTL_SPF;LTL;NA;Static;Lines
LX_DEF_0;;NA;;LX_DEF;LX;NA;Static;Lines
LX_DEF_349;NA;NA;;LX_DEF;LX;NA;Static;Lines
MIS_CRU_0-0_0_0;NA;NA;;MIS_CRU;MIS;NA;Other;Other
MIS_DEF_0-0_0_0;NA;NA;;MIS_DEF;MIS;NA;Other;Other
MIS_DEF_0_0_0;NA;NA;;MIS_DEF;MIS;NA;Other;Other
MIS_DEF_874;NA;NA;;MIS_DEF;MIS;NA;Other;Other
MIS_DES_0_0_0;NA;NA;;MIS_DES;MIS;NA;Other;Other
MIS_FWS_0_0_0;NA;NA;;MIS_FWS;MIS;NA;Other;Other
MIS_MIS_0_0_0;NA;NA;;MIS_MIS;MIS;NA;Other;Other
MIS_MPD_0-0_0_0;NA;NA;;MIS_MPD;MIS;NA;Other;Other
MIS_SPF_0-0_0_0;NA;NA;;MIS_SPF;MIS;NA;Other;Other
MIS_SPF_0_0_0;NA;NA;;MIS_SPF;MIS;NA;Other;Other
MIS_SWD_0_0_0;NA;NA;;MIS_SWD;MIS;NA;Other;Other
MIS_UND_UND_0_0;;NA;;MIS_UND;MIS;NA;Other;Other
NA;NA;NA;;NA;NA;NA;NA;NA
NK_DEF_1249;NA;NA;;NA;NA;NA;NA;NA
NK_DEF_874;NA;NA;;NA;NA;NA;NA;NA
NO_SPF_UNK;NA;NA;;NA;NA;NA;NA;NA
NULL;NA;NA;;NA;NA;NA;NA;NA
No_Matrix6;NA;NA;;NA;NA;NA;NA;NA
No_logbook6;;NA;;NA;NA;NA;NA;NA
OTB/OTM;OT_MIX;OT_MIX;;OTB/OTM;OTB;Otter_Trawl;Otter;Otter_Trawl
OTB_ANA_0_0_0;OT_MIX_DMF_PEL;OT_MIX;;OTB_ANA;OTB;Otter_Trawl;Otter;Otter_Trawl
OTB_CAT_0_0_0;OT_MIX_DMF_PEL;OT_MIX;;OTB_CAT;OTB;Otter_Trawl;Otter;Otter_Trawl
OTB_CAT_16_31_0;OT_MIX_DMF_PEL;OT_MIX;;OTB_CAT;OTB;Otter_Trawl;Otter;Otter_Trawl
OTB_CAT_20_39_0;OT_MIX_DMF_PEL;OT_MIX;;OTB_CAT;OTB;Otter_Trawl;Otter;Otter_Trawl
OTB_CAT_32_54_0;OT_MIX_DMF_PEL;OT_MIX;;OTB_CAT;OTB;Otter_Trawl;Otter;Otter_Trawl
OTB_CAT_55_69_0;OT_MIX_DMF_PEL;OT_MIX;;OTB_CAT;OTB;Otter_Trawl;Otter;Otter_Trawl
OTB_CAT_70_99_0;OT_MIX_DMF_PEL;OT_MIX;;OTB_CAT;OTB;Otter_Trawl;Otter;Otter_Trawl
OTB_CAT_>0_0_0;OT_MIX_DMF_PEL;OT_MIX;;OTB_CAT;OTB;Otter_Trawl;Otter;Otter_Trawl
OTB_CAT_>=70_0;OT_MIX_DMF_PEL;OT_MIX;;OTB_CAT;OTB;Otter_Trawl;Otter;Otter_Trawl
OTB_CEP_0_0_0;NA;OT_MIX;;OTB_CEP;OTB;Otter_Trawl;Otter;Otter_Trawl
OTB_CEP_0_16_0;NA;OT_MIX;;OTB_CEP;OTB;Otter_Trawl;Otter;Otter_Trawl
OTB_CEP_100_119_0;NA;OT_MIX;;OTB_CEP;OTB;Otter_Trawl;Otter;Otter_Trawl
OTB_CEP_16_31_0;NA;OT_MIX;;OTB_CEP;OTB;Otter_Trawl;Otter;Otter_Trawl
OTB_CEP_32_54_0;NA;OT_MIX;;OTB_CEP;OTB;Otter_Trawl;Otter;Otter_Trawl
OTB_CEP_32_69_0;NA;OT_MIX;;OTB_CEP;OTB;Otter_Trawl;Otter;Otter_Trawl
OTB_CEP_55_69_0;NA;OT_MIX;;OTB_CEP;OTB;Otter_Trawl;Otter;Otter_Trawl
OTB_CEP_70_99_0;NA;OT_MIX;;OTB_CEP;OTB;Otter_Trawl;Otter;Otter_Trawl
OTB_CEP_>=120_0;NA;OT_MIX;;OTB_CEP;OTB;Otter_Trawl;Otter;Otter_Trawl
OTB_CEP_>=65_0;NA;OT_MIX;;OTB_CEP;OTB;Otter_Trawl;Otter;Otter_Trawl
OTB_CEP_>=70_0;NA;OT_MIX;;OTB_CEP;OTB;Otter_Trawl;Otter;Otter_Trawl
OTB_CHECK_100-119_0;NA;OT_MIX;;OTB_CHE;OTB;Otter_Trawl;Otter;Otter_Trawl
OTB_CHECK_100-119_0_;NA;OT_MIX;;OTB_CHE;OTB;Otter_Trawl;Otter;Otter_Trawl
OTB_CHECK_32-69_0_0;NA;OT_MIX;;OTB_CHE;OTB;Otter_Trawl;Otter;Otter_Trawl
OTB_CHECK_70-99_0_0;NA;OT_MIX;;OTB_CHE;OTB;Otter_Trawl;Otter;Otter_Trawl
OTB_CHECK_>=120_0_0;NA;OT_MIX;;OTB_CHE;OTB;Otter_Trawl;Otter;Otter_Trawl
OTB_CRU_0;;OT_CRU;;OTB_CRU;OTB;Otter_Trawl;Otter;Otter_Trawl
OTB_CRU_0-0_0_0;OT_CRU;OT_CRU;;OTB_CRU;OTB;Otter_Trawl;Otter;Otter_Trawl
OTB_CRU_0_0_0;OT_CRU;OT_CRU;;OTB_CRU;OTB;Otter_Trawl;Otter;Otter_Trawl
OTB_CRU_0_16_0;OT_CRU;OT_CRU;;OTB_CRU;OTB;Otter_Trawl;Otter;Otter_Trawl
OTB_CRU_100-119_0_0;OT_CRU;OT_CRU;;OTB_CRU;OTB;Otter_Trawl;Otter;Otter_Trawl
OTB_CRU_100_119_0;OT_CRU;OT_CRU;;OTB_CRU;OTB;Otter_Trawl;Otter;Otter_Trawl
OTB_CRU_1249;OT_CRU;OT_CRU;;OTB_CRU;OTB;Otter_Trawl;Otter;Otter_Trawl
OTB_CRU_16-31;OT_CRU;OT_CRU;;OTB_CRU;OTB;Otter_Trawl;Otter;Otter_Trawl
OTB_CRU_16-31_0_0;OT_CRU;OT_CRU;;OTB_CRU;OTB;Otter_Trawl;Otter;Otter_Trawl
OTB_CRU_16_31_0;OT_CRU;OT_CRU;;OTB_CRU;OTB;Otter_Trawl;Otter;Otter_Trawl
OTB_CRU_2499;OT_CRU;OT_CRU;;OTB_CRU;OTB;Otter_Trawl;Otter;Otter_Trawl
OTB_CRU_32-54_0_0;;OT_CRU;;OTB_CRU;OTB;Otter_Trawl;Otter;Otter_Trawl
OTB_CRU_32-69_0_0;OT_CRU;OT_CRU;;OTB_CRU;OTB;Otter_Trawl;Otter;Otter_Trawl
OTB_CRU_32-69_2_22;OT_CRU;OT_CRU;;OTB_CRU;OTB;Otter_Trawl;Otter;Otter_Trawl
OTB_CRU_32_54_0;OT_CRU;OT_CRU;;OTB_CRU;OTB;Otter_Trawl;Otter;Otter_Trawl
OTB_CRU_32_69_0;OT_CRU;OT_CRU;;OTB_CRU;OTB;Otter_Trawl;Otter;Otter_Trawl
OTB_CRU_349;OT_CRU;OT_CRU;;OTB_CRU;OTB;Otter_Trawl;Otter;Otter_Trawl
OTB_CRU_3999;OT_CRU;OT_CRU;;OTB_CRU;OTB;Otter_Trawl;Otter;Otter_Trawl
OTB_CRU_5000;OT_CRU;OT_CRU;;OTB_CRU;OTB;Otter_Trawl;Otter;Otter_Trawl
OTB_CRU_55-59_0_0;;OT_CRU;;OTB_CRU;OTB;Otter_Trawl;Otter;Otter_Trawl
OTB_CRU_55_69_0;OT_CRU;OT_CRU;;OTB_CRU;OTB;Otter_Trawl;Otter;Otter_Trawl
OTB_CRU_624;OT_CRU;OT_CRU;;OTB_CRU;OTB;Otter_Trawl;Otter;Otter_Trawl
OTB_CRU_70-89_0_0;OT_CRU;OT_CRU;;OTB_CRU;OTB;Otter_Trawl;Otter;Otter_Trawl
OTB_CRU_70-89_2_35;OT_CRU;OT_CRU;;OTB_CRU;OTB;Otter_Trawl;Otter;Otter_Trawl
OTB_CRU_70-99_0_0;OT_CRU;OT_CRU;;OTB_CRU;OTB;Otter_Trawl;Otter;Otter_Trawl
OTB_CRU_70_99_0;OT_CRU;OT_CRU;;OTB_CRU;OTB;Otter_Trawl;Otter;Otter_Trawl
OTB_CRU_874;OT_CRU;OT_CRU;;OTB_CRU;OTB;Otter_Trawl;Otter;Otter_Trawl
OTB_CRU_90-119_0_0;OT_CRU;OT_CRU;;OTB_CRU;OTB;Otter_Trawl;Otter;Otter_Trawl
OTB_CRU_90-119_1_120;OT_CRU;OT_CRU;;OTB_CRU;OTB;Otter_Trawl;Otter;Otter_Trawl
OTB_CRU_90-119_1_140;OT_CRU;OT_CRU;;OTB_CRU;OTB;Otter_Trawl;Otter;Otter_Trawl
OTB_CRU_90-119_1_300;OT_CRU;OT_CRU;;OTB_CRU;OTB;Otter_Trawl;Otter;Otter_Trawl
OTB_CRU_<16_0_0;OT_CRU;OT_CRU;;OTB_CRU;OTB;Otter_Trawl;Otter;Otter_Trawl
OTB_CRU_>0_0_0;OT_CRU;OT_CRU;;OTB_CRU;OTB;Otter_Trawl;Otter;Otter_Trawl
OTB_CRU_>=120_0;OT_CRU;OT_CRU;;OTB_CRU;OTB;Otter_Trawl;Otter;Otter_Trawl
OTB_CRU_>=120_0_0;OT_CRU;OT_CRU;;OTB_CRU;OTB;Otter_Trawl;Otter;Otter_Trawl
OTB_CRU_>=120_1_120;OT_CRU;OT_CRU;;OTB_CRU;OTB;Otter_Trawl;Otter;Otter_Trawl
OTB_CRU_>=55_0_0;OT_CRU;OT_CRU;;OTB_CRU;OTB;Otter_Trawl;Otter;Otter_Trawl
OTB_CRU_>=65_0;OT_CRU;OT_CRU;;OTB_CRU;OTB;Otter_Trawl;Otter;Otter_Trawl
OTB_CRU_>=70_0;OT_CRU;OT_CRU;;OTB_CRU;OTB;Otter_Trawl;Otter;Otter_Trawl
OTB_CRU_>=70_0_0;OT_CRU;OT_CRU;;OTB_CRU;OTB;Otter_Trawl;Otter;Otter_Trawl
OTB_CRU_UNK;OT_CRU;OT_CRU;;OTB_CRU;OTB;Otter_Trawl;Otter;Otter_Trawl
OTB_DEF_0;;OT_DMF;;OTB_DEF;OTB;Otter_Trawl;Otter;Otter_Trawl
OTB_DEF_0_0_0;OT_DMF;OT_DMF;;OTB_DEF;OTB;Otter_Trawl;Otter;Otter_Trawl
OTB_DEF_0_16_0;OT_DMF;OT_DMF;;OTB_DEF;OTB;Otter_Trawl;Otter;Otter_Trawl
OTB_DEF_100-119;OT_DMF;OT_DMF;;OTB_DEF;OTB;Otter_Trawl;Otter;Otter_Trawl
OTB_DEF_100-119_0_0;OT_DMF;OT_DMF;;OTB_DEF;OTB;Otter_Trawl;Otter;Otter_Trawl
OTB_DEF_100_119_0;OT_DMF;OT_DMF;;OTB_DEF;OTB;Otter_Trawl;Otter;Otter_Trawl
OTB_DEF_1249;OT_DMF;OT_DMF;;OTB_DEF;OTB;Otter_Trawl;Otter;Otter_Trawl
OTB_DEF_130-279_0_0;OT_DMF;OT_DMF;;OTB_DEF;OTB;Otter_Trawl;Otter;Otter_Trawl
OTB_DEF_130_0_0;;OT_DMF;;OTB_DEF;OTB;Otter_Trawl;Otter;Otter_Trawl
OTB_DEF_16-31_0_0;OT_DMF;OT_DMF;;OTB_DEF;OTB;Otter_Trawl;Otter;Otter_Trawl
OTB_DEF_16_31_0;OT_DMF;OT_DMF;;OTB_DEF;OTB;Otter_Trawl;Otter;Otter_Trawl
OTB_DEF_1749;OT_DMF;OT_DMF;;OTB_DEF;OTB;Otter_Trawl;Otter;Otter_Trawl
OTB_DEF_2499;OT_DMF;OT_DMF;;OTB_DEF;OTB;Otter_Trawl;Otter;Otter_Trawl
OTB_DEF_32-69_0_0;OT_DMF;OT_DMF;;OTB_DEF;OTB;Otter_Trawl;Otter;Otter_Trawl
OTB_DEF_32_54_0;OT_DMF;OT_DMF;;OTB_DEF;OTB;Otter_Trawl;Otter;Otter_Trawl
OTB_DEF_32_69_0;OT_DMF;OT_DMF;;OTB_DEF;OTB;Otter_Trawl;Otter;Otter_Trawl
OTB_DEF_349;OT_DMF;OT_DMF;;OTB_DEF;OTB;Otter_Trawl;Otter;Otter_Trawl
OTB_DEF_3999;OT_DMF;OT_DMF;;OTB_DEF;OTB;Otter_Trawl;Otter;Otter_Trawl
OTB_DEF_40_54_0;OT_DMF;OT_DMF;;OTB_DEF;OTB;Otter_Trawl;Otter;Otter_Trawl
OTB_DEF_5000;OT_DMF;OT_DMF;;OTB_DEF;OTB;Otter_Trawl;Otter;Otter_Trawl
OTB_DEF_55-69_0_0;OT_DMF;OT_DMF;;OTB_DEF;OTB;Otter_Trawl;Otter;Otter_Trawl
OTB_DEF_55_69_0;OT_DMF;OT_DMF;;OTB_DEF;OTB;Otter_Trawl;Otter;Otter_Trawl
OTB_DEF_624;OT_DMF;OT_DMF;;OTB_DEF;OTB;Otter_Trawl;Otter;Otter_Trawl
OTB_DEF_65-69_0_0;;OT_DMF;;OTB_DEF;OTB;Otter_Trawl;Otter;Otter_Trawl
OTB_DEF_70-89_2_35;OT_DMF;OT_DMF;;OTB_DEF;OTB;Otter_Trawl;Otter;Otter_Trawl
OTB_DEF_70-99;OT_DMF;OT_DMF;;OTB_DEF;OTB;Otter_Trawl;Otter;Otter_Trawl
OTB_DEF_70-99_0_0;OT_DMF;OT_DMF;;OTB_DEF;OTB;Otter_Trawl;Otter;Otter_Trawl
OTB_DEF_70_89_0;OT_DMF;OT_DMF;;OTB_DEF;OTB;Otter_Trawl;Otter;Otter_Trawl
OTB_DEF_70_99_0;OT_DMF;OT_DMF;;OTB_DEF;OTB;Otter_Trawl;Otter;Otter_Trawl
OTB_DEF_874;OT_DMF;OT_DMF;;OTB_DEF;OTB;Otter_Trawl;Otter;Otter_Trawl
OTB_DEF_90-104_0_0;OT_DMF;OT_DMF;;OTB_DEF;OTB;Otter_Trawl;Otter;Otter_Trawl
OTB_DEF_90-119_0_0;OT_DMF;OT_DMF;;OTB_DEF;OTB;Otter_Trawl;Otter;Otter_Trawl
OTB_DEF_90-119_1_110;OT_DMF;OT_DMF;;OTB_DEF;OTB;Otter_Trawl;Otter;Otter_Trawl
OTB_DEF_90-119_1_120;OT_DMF;OT_DMF;;OTB_DEF;OTB;Otter_Trawl;Otter;Otter_Trawl
OTB_DEF_90-119_1_140;OT_DMF;OT_DMF;;OTB_DEF;OTB;Otter_Trawl;Otter;Otter_Trawl
OTB_DEF_90-119_1_300;OT_DMF;OT_DMF;;OTB_DEF;OTB;Otter_Trawl;Otter;Otter_Trawl
OTB_DEF_90-99_0_0;OT_DMF;OT_DMF;;OTB_DEF;OTB;Otter_Trawl;Otter;Otter_Trawl
OTB_DEF_90_119_0;OT_DMF;OT_DMF;;OTB_DEF;OTB;Otter_Trawl;Otter;Otter_Trawl
OTB_DEF_<16_0_0;;OT_DMF;;OTB_DEF;OTB;Otter_Trawl;Otter;Otter_Trawl
OTB_DEF_<16_0_0;OT_DMF;OT_DMF;;OTB_DEF;OTB;Otter_Trawl;Otter;Otter_Trawl
OTB_DEF_>=105_0_0;OT_DMF;OT_DMF;;OTB_DEF;OTB;Otter_Trawl;Otter;Otter_Trawl
OTB_DEF_>=105_1_110;OT_DMF;OT_DMF;;OTB_DEF;OTB;Otter_Trawl;Otter;Otter_Trawl
OTB_DEF_>=105_1_120;OT_DMF;OT_DMF;;OTB_DEF;OTB;Otter_Trawl;Otter;Otter_Trawl
OTB_DEF_>=120;OT_DMF;OT_DMF;;OTB_DEF;OTB;Otter_Trawl;Otter;Otter_Trawl
OTB_DEF_>=120_0;OT_DMF;OT_DMF;;OTB_DEF;OTB;Otter_Trawl;Otter;Otter_Trawl
OTB_DEF_>=120_0_0;OT_DMF;OT_DMF;;OTB_DEF;OTB;Otter_Trawl;Otter;Otter_Trawl
OTB_DEF_>=120_1_110;OT_DMF;OT_DMF;;OTB_DEF;OTB;Otter_Trawl;Otter;Otter_Trawl
OTB_DEF_>=120_1_120;OT_DMF;OT_DMF;;OTB_DEF;OTB;Otter_Trawl;Otter;Otter_Trawl
OTB_DEF_>=130_0_0;OT_DMF;OT_DMF;;OTB_DEF;OTB;Otter_Trawl;Otter;Otter_Trawl
OTB_DEF_>=55_0_0;OT_DMF;OT_DMF;;OTB_DEF;OTB;Otter_Trawl;Otter;Otter_Trawl
OTB_DEF_>=65_0;OT_DMF;OT_DMF;;OTB_DEF;OTB;Otter_Trawl;Otter;Otter_Trawl
OTB_DEF_>=65_0_0;OT_DMF;OT_DMF;;OTB_DEF;OTB;Otter_Trawl;Otter;Otter_Trawl
OTB_DEF_>=70_0;OT_DMF;OT_DMF;;OTB_DEF;OTB;Otter_Trawl;Otter;Otter_Trawl
OTB_DEF_>=70_0_0;OT_DMF;OT_DMF;;OTB_DEF;OTB;Otter_Trawl;Otter;Otter_Trawl
OTB_DEF_UND_0_0;OT_DMF;OT_DMF;;OTB_DEF;OTB;Otter_Trawl;Otter;Otter_Trawl
OTB_DEF_UNK;OT_DMF;OT_DMF;;OTB_DEF;OTB;Otter_Trawl;Otter;Otter_Trawl
OTB_DEF_misc_0_0;OT_DMF;OT_DMF;;OTB_DEF;OTB;Otter_Trawl;Otter;Otter_Trawl
OTB_DEF_misc_1_110;OT_DMF;OT_DMF;;OTB_DEF;OTB;Otter_Trawl;Otter;Otter_Trawl
OTB_DWS_0;;OT_MIX_DMF_BEN;;OTB_DWS;OTB;Otter_Trawl;Otter;Otter_Trawl
OTB_DWS_100-119_0_0;OT_MIX_DMF_BEN;OT_MIX_DMF_BEN;;OTB_DWS;OTB;Otter_Trawl;Otter;Otter_Trawl
OTB_DWS_100_119_0;OT_MIX_DMF_BEN;OT_MIX_DMF_BEN;;OTB_DWS;OTB;Otter_Trawl;Otter;Otter_Trawl
OTB_DWS_1249;OT_MIX_DMF_BEN;OT_MIX_DMF_BEN;;OTB_DWS;OTB;Otter_Trawl;Otter;Otter_Trawl
OTB_DWS_16_31_0;OT_MIX_DMF_BEN;OT_MIX_DMF_BEN;;OTB_DWS;OTB;Otter_Trawl;Otter;Otter_Trawl
OTB_DWS_1749;OT_MIX_DMF_BEN;OT_MIX_DMF_BEN;;OTB_DWS;OTB;Otter_Trawl;Otter;Otter_Trawl
OTB_DWS_2499;OT_MIX_DMF_BEN;OT_MIX_DMF_BEN;;OTB_DWS;OTB;Otter_Trawl;Otter;Otter_Trawl
OTB_DWS_32-69_0_0;OT_MIX_DMF_BEN;OT_MIX_DMF_BEN;;OTB_DWS;OTB;Otter_Trawl;Otter;Otter_Trawl
OTB_DWS_32_69_0;OT_MIX_DMF_BEN;OT_MIX_DMF_BEN;;OTB_DWS;OTB;Otter_Trawl;Otter;Otter_Trawl
OTB_DWS_3999;OT_MIX_DMF_BEN;OT_MIX_DMF_BEN;;OTB_DWS;OTB;Otter_Trawl;Otter;Otter_Trawl
OTB_DWS_5000;OT_MIX_DMF_BEN;OT_MIX_DMF_BEN;;OTB_DWS;OTB;Otter_Trawl;Otter;Otter_Trawl
OTB_DWS_70-99_0_0;OT_MIX_DMF_BEN;OT_MIX_DMF_BEN;;OTB_DWS;OTB;Otter_Trawl;Otter;Otter_Trawl
OTB_DWS_70_99_0;OT_MIX_DMF_BEN;OT_MIX_DMF_BEN;;OTB_DWS;OTB;Otter_Trawl;Otter;Otter_Trawl
OTB_DWS_874;OT_MIX_DMF_BEN;OT_MIX_DMF_BEN;;OTB_DWS;OTB;Otter_Trawl;Otter;Otter_Trawl
OTB_DWS_>=120_0;OT_MIX_DMF_BEN;OT_MIX_DMF_BEN;;OTB_DWS;OTB;Otter_Trawl;Otter;Otter_Trawl
OTB_DWS_>=120_0_0;OT_MIX_DMF_BEN;OT_MIX_DMF_BEN;;OTB_DWS;OTB;Otter_Trawl;Otter;Otter_Trawl
OTB_DWS_>=70_0;OT_MIX_DMF_BEN;OT_MIX_DMF_BEN;;OTB_DWS;OTB;Otter_Trawl;Otter;Otter_Trawl
OTB_DWS_UNK;OT_MIX_DMF_BEN;OT_MIX_DMF_BEN;;OTB_DWS;OTB;Otter_Trawl;Otter;Otter_Trawl
OTB_FIF_90-119_0_0;OT_DMF;OT_DMF;;OTB_FWS;OTB;Otter_Trawl;Otter;Otter_Trawl
OTB_FIF_90-119_1_120;OT_DMF;OT_DMF;;OTB_FWS;OTB;Otter_Trawl;Otter;Otter_Trawl
OTB_FWS_16-31_0_0;OT_DMF;OT_DMF;;OTB_FWS;OTB;Otter_Trawl;Otter;Otter_Trawl
OTB_FWS_32-54_0_0;OT_DMF;OT_DMF;;OTB_FWS;OTB;Otter_Trawl;Otter;Otter_Trawl
OTB_FWS_55-69_0_0;OT_DMF;OT_DMF;;OTB_FWS;OTB;Otter_Trawl;Otter;Otter_Trawl
OTB_FWS_624;OT_DMF;OT_DMF;;OTB_FWS;OTB;Otter_Trawl;Otter;Otter_Trawl
OTB_FWS_70-79_0_0;OT_DMF;OT_DMF;;OTB_FWS;OTB;Otter_Trawl;Otter;Otter_Trawl
OTB_FWS_90-99_0_0;OT_DMF;OT_DMF;;OTB_FWS;OTB;Otter_Trawl;Otter;Otter_Trawl
OTB_FWS_>0_0_0;OT_DMF;OT_DMF;;OTB_FWS;OTB;Otter_Trawl;Otter;Otter_Trawl
OTB_FWS_>=105_0_0;OT_DMF;OT_DMF;;OTB_FWS;OTB;Otter_Trawl;Otter;Otter_Trawl
OTB_LPF_100-119_0_0;NA;OT_MIX_DMF_PEL;;OTB_LPF;OTB;Otter_Trawl;Otter;Otter_Trawl
OTB_LPF_70-99_0_0;NA;OT_MIX_DMF_PEL;;OTB_LPF;OTB;Otter_Trawl;Otter;Otter_Trawl
OTB_LPF_>=120_0_0;NA;OT_MIX_DMF_PEL;;OTB_LPF;OTB;Otter_Trawl;Otter;Otter_Trawl
OTB_MCD_100-119_0_0;OT_MIX_CRU;OT_MIX_CRU_DMF;OT_MIX_NEP;OTB_MCD;OTB;Otter_Trawl;Otter;Otter_Trawl
OTB_MCD_16-31_0_0;OT_MIX_CRU;OT_MIX_CRU_DMF;OT_MIX_NEP;OTB_MCD;OTB;Otter_Trawl;Otter;Otter_Trawl
OTB_MCD_70-99;OT_MIX_CRU;OT_MIX_CRU_DMF;OT_MIX_NEP;OTB_MCD;OTB;Otter_Trawl;Otter;Otter_Trawl
OTB_MCD_70-99_0_0;OT_MIX_CRU;OT_MIX_CRU_DMF;OT_MIX_NEP;OTB_MCD;OTB;Otter_Trawl;Otter;Otter_Trawl
OTB_MCD_90-119_0_0;OT_MIX_CRU;OT_MIX_CRU_DMF;OT_MIX_NEP;OTB_MCD;OTB;Otter_Trawl;Otter;Otter_Trawl
OTB_MCD_90-119_1_110;OT_MIX_CRU;OT_MIX_CRU_DMF;OT_MIX_NEP;OTB_MCD;OTB;Otter_Trawl;Otter;Otter_Trawl
OTB_MCD_90-119_1_120;OT_MIX_CRU;OT_MIX_CRU_DMF;OT_MIX_NEP;OTB_MCD;OTB;Otter_Trawl;Otter;Otter_Trawl
OTB_MCD_90-119_1_140;OT_MIX_CRU;OT_MIX_CRU_DMF;OT_MIX_NEP;OTB_MCD;OTB;Otter_Trawl;Otter;Otter_Trawl
OTB_MCD_90-119_1_300;OT_MIX_CRU;OT_MIX_CRU_DMF;OT_MIX_NEP;OTB_MCD;OTB;Otter_Trawl;Otter;Otter_Trawl
OTB_MCD_>0_0_0;OT_MIX_CRU;OT_MIX_CRU_DMF;OT_MIX_NEP;OTB_MCD;OTB;Otter_Trawl;Otter;Otter_Trawl
OTB_MCD_>=120_0_0;OT_MIX_CRU;OT_MIX_CRU_DMF;OT_MIX_NEP;OTB_MCD;OTB;Otter_Trawl;Otter;Otter_Trawl
OTB_MCD_UND_0_0;OT_MIX_CRU;OT_MIX_CRU_DMF;OT_MIX_NEP;OTB_MCD;OTB;Otter_Trawl;Otter;Otter_Trawl
OTB_MCF_100-119_0_0;OT_MIX_DMF_PEL;OT_MIX_DMF_PEL;;OTB_MCF;OTB;Otter_Trawl;Otter;Otter_Trawl
OTB_MCF_32-69_0_0;OT_MIX_DMF_PEL;OT_MIX_DMF_PEL;;OTB_MCF;OTB;Otter_Trawl;Otter;Otter_Trawl
OTB_MCF_70-99_0_0;OT_MIX_DMF_PEL;OT_MIX_DMF_PEL;;OTB_MCF;OTB;Otter_Trawl;Otter;Otter_Trawl
OTB_MIS_0_0_0;OT_MIX;OT_MIX;;OTB_MIS;OTB;Otter_Trawl;Otter;Otter_Trawl
OTB_MOL_0;;OT_MIX;;OTB_MOL;OTB;Otter_Trawl;Otter;Otter_Trawl
OTB_MOL_0_0_0;OT_MIX;OT_MIX;;OTB_MOL;OTB;Otter_Trawl;Otter;Otter_Trawl
OTB_MOL_0_16_0;OT_MIX;OT_MIX;;OTB_MOL;OTB;Otter_Trawl;Otter;Otter_Trawl
OTB_MOL_100-119_0_0;OT_MIX;OT_MIX;;OTB_MOL;OTB;Otter_Trawl;Otter;Otter_Trawl
OTB_MOL_100_119_0;OT_MIX;OT_MIX;;OTB_MOL;OTB;Otter_Trawl;Otter;Otter_Trawl
OTB_MOL_16-31_0_0;OT_MIX;OT_MIX;;OTB_MOL;OTB;Otter_Trawl;Otter;Otter_Trawl
OTB_MOL_16_31_0;OT_MIX;OT_MIX;;OTB_MOL;OTB;Otter_Trawl;Otter;Otter_Trawl
OTB_MOL_32-69_0_0;OT_MIX;OT_MIX;;OTB_MOL;OTB;Otter_Trawl;Otter;Otter_Trawl
OTB_MOL_32_54_0;OT_MIX;OT_MIX;;OTB_MOL;OTB;Otter_Trawl;Otter;Otter_Trawl
OTB_MOL_32_69_0;OT_MIX;OT_MIX;;OTB_MOL;OTB;Otter_Trawl;Otter;Otter_Trawl
OTB_MOL_55_69_0;OT_MIX;OT_MIX;;OTB_MOL;OTB;Otter_Trawl;Otter;Otter_Trawl
OTB_MOL_70-99_0_0;OT_MIX;OT_MIX;;OTB_MOL;OTB;Otter_Trawl;Otter;Otter_Trawl
OTB_MOL_70_99_0;OT_MIX;OT_MIX;;OTB_MOL;OTB;Otter_Trawl;Otter;Otter_Trawl
OTB_MOL_<16_0_0;OT_MIX;OT_MIX;;OTB_MOL;OTB;Otter_Trawl;Otter;Otter_Trawl
OTB_MOL_>=120_0_0;OT_MIX;OT_MIX;;OTB_MOL;OTB;Otter_Trawl;Otter;Otter_Trawl
OTB_MOL_>=70_0;OT_MIX;OT_MIX;;OTB_MOL;OTB;Otter_Trawl;Otter;Otter_Trawl
OTB_MPD_16-31_0_0;OT_MIX_DMF_PEL;OT_MIX_DMF_PEL;;OTB_MPD;OTB;Otter_Trawl;Otter;Otter_Trawl
OTB_MPD_70-99_0_0;OT_MIX_DMF_PEL;OT_MIX_DMF_PEL;;OTB_MPD;OTB;Otter_Trawl;Otter;Otter_Trawl
OTB_NOC_100-119_0_0;;OT_MIX;;OTB_NOC;OTB;Otter_Trawl;Otter;Otter_Trawl
OTB_NOC_32-69_0_0;;OT_MIX;;OTB_NOC;OTB;Otter_Trawl;Otter;Otter_Trawl
OTB_NOC_70-99_0_0;;OT_MIX;;OTB_NOC;OTB;Otter_Trawl;Otter;Otter_Trawl
OTB_NOC_>=120_0_0;;OT_MIX;;OTB_NOC;OTB;Otter_Trawl;Otter;Otter_Trawl
OTB_SPF_0;;OT_SPF;;OTB_SPF;OTB;Otter_Trawl;Otter;Otter_Trawl
OTB_SPF_0-0_0_0;OT_SPF;OT_SPF;;OTB_SPF;OTB;Otter_Trawl;Otter;Otter_Trawl
OTB_SPF_0_0_0;OT_SPF;OT_SPF;;OTB_SPF;OTB;Otter_Trawl;Otter;Otter_Trawl
OTB_SPF_0_16_0;OT_SPF;OT_SPF;;OTB_SPF;OTB;Otter_Trawl;Otter;Otter_Trawl
OTB_SPF_100-119_0_0;OT_SPF;OT_SPF;;OTB_SPF;OTB;Otter_Trawl;Otter;Otter_Trawl
OTB_SPF_100_119_0;OT_SPF;OT_SPF;;OTB_SPF;OTB;Otter_Trawl;Otter;Otter_Trawl
OTB_SPF_1249;OT_SPF;OT_SPF;;OTB_SPF;OTB;Otter_Trawl;Otter;Otter_Trawl
OTB_SPF_16-104_0_0;OT_SPF;OT_SPF;;OTB_SPF;OTB;Otter_Trawl;Otter;Otter_Trawl
OTB_SPF_16-31_0_0;OT_SPF;OT_SPF;;OTB_SPF;OTB;Otter_Trawl;Otter;Otter_Trawl
OTB_SPF_16_31_0;OT_SPF;OT_SPF;;OTB_SPF;OTB;Otter_Trawl;Otter;Otter_Trawl
OTB_SPF_16_31_0_0;OT_SPF;OT_SPF;;OTB_SPF;OTB;Otter_Trawl;Otter;Otter_Trawl
OTB_SPF_1749;OT_SPF;OT_SPF;;OTB_SPF;OTB;Otter_Trawl;Otter;Otter_Trawl
OTB_SPF_2499;OT_SPF;OT_SPF;;OTB_SPF;OTB;Otter_Trawl;Otter;Otter_Trawl
OTB_SPF_32-104_0_0;OT_SPF;OT_SPF;;OTB_SPF;OTB;Otter_Trawl;Otter;Otter_Trawl
OTB_SPF_32-54_0_0;OT_SPF;OT_SPF;;OTB_SPF;OTB;Otter_Trawl;Otter;Otter_Trawl
OTB_SPF_32-69_0_0;OT_SPF;OT_SPF;;OTB_SPF;OTB;Otter_Trawl;Otter;Otter_Trawl
OTB_SPF_32-89_0_0;OT_SPF;OT_SPF;;OTB_SPF;OTB;Otter_Trawl;Otter;Otter_Trawl
OTB_SPF_32_54_0;OT_SPF;OT_SPF;;OTB_SPF;OTB;Otter_Trawl;Otter;Otter_Trawl
OTB_SPF_32_69_0;OT_SPF;OT_SPF;;OTB_SPF;OTB;Otter_Trawl;Otter;Otter_Trawl
OTB_SPF_3999;OT_SPF;OT_SPF;;OTB_SPF;OTB;Otter_Trawl;Otter;Otter_Trawl
OTB_SPF_5000;OT_SPF;OT_SPF;;OTB_SPF;OTB;Otter_Trawl;Otter;Otter_Trawl
OTB_SPF_55-69_0_0;OT_SPF;OT_SPF;;OTB_SPF;OTB;Otter_Trawl;Otter;Otter_Trawl
OTB_SPF_55_69_0;OT_SPF;OT_SPF;;OTB_SPF;OTB;Otter_Trawl;Otter;Otter_Trawl
OTB_SPF_624;OT_SPF;OT_SPF;;OTB_SPF;OTB;Otter_Trawl;Otter;Otter_Trawl
OTB_SPF_70-99_0_0;OT_SPF;OT_SPF;;OTB_SPF;OTB;Otter_Trawl;Otter;Otter_Trawl
OTB_SPF_70_99_0;OT_SPF;OT_SPF;;OTB_SPF;OTB;Otter_Trawl;Otter;Otter_Trawl
OTB_SPF_874;OT_SPF;OT_SPF;;OTB_SPF;OTB;Otter_Trawl;Otter;Otter_Trawl
OTB_SPF_90-119_0_0;OT_SPF;OT_SPF;;OTB_SPF;OTB;Otter_Trawl;Otter;Otter_Trawl
OTB_SPF_<16_0_0;OT_SPF;OT_SPF;;OTB_SPF;OTB;Otter_Trawl;Otter;Otter_Trawl
OTB_SPF_>=105_0_0;OT_SPF;OT_SPF;;OTB_SPF;OTB;Otter_Trawl;Otter;Otter_Trawl
OTB_SPF_>=120_0;OT_SPF;OT_SPF;;OTB_SPF;OTB;Otter_Trawl;Otter;Otter_Trawl
OTB_SPF_>=120_0_0;OT_SPF;OT_SPF;;OTB_SPF;OTB;Otter_Trawl;Otter;Otter_Trawl
OTB_SPF_>=70_0;OT_SPF;OT_SPF;;OTB_SPF;OTB;Otter_Trawl;Otter;Otter_Trawl
OTB_SPF_UNK;OT_SPF;OT_SPF;;OTB_SPF;OTB;Otter_Trawl;Otter;Otter_Trawl
OTB_SPF_misc_0_0;OT_SPF;OT_SPF;;OTB_SPF;OTB;Otter_Trawl;Otter;Otter_Trawl
OTB_UNK_0;;OT_MIX;;OTB_UNK;OTB;Otter_Trawl;Otter;Otter_Trawl
OTB_UNK_1249;NA;OT_MIX;;OTB_UNK;OTB;Otter_Trawl;Otter;Otter_Trawl
OTB_UNK_1749;NA;OT_MIX;;OTB_UNK;OTB;Otter_Trawl;Otter;Otter_Trawl
OTB_UNK_2499;NA;OT_MIX;;OTB_UNK;OTB;Otter_Trawl;Otter;Otter_Trawl
OTB_UNK_349;NA;OT_MIX;;OTB_UNK;OTB;Otter_Trawl;Otter;Otter_Trawl
OTB_UNK_3999;NA;OT_MIX;;OTB_UNK;OTB;Otter_Trawl;Otter;Otter_Trawl
OTB_UNK_5000;NA;OT_MIX;;OTB_UNK;OTB;Otter_Trawl;Otter;Otter_Trawl
OTB_UNK_624;NA;OT_MIX;;OTB_UNK;OTB;Otter_Trawl;Otter;Otter_Trawl
OTB_UNK_874;NA;OT_MIX;;OTB_UNK;OTB;Otter_Trawl;Otter;Otter_Trawl
OTB_UNK_UNK;NA;OT_MIX;;OTB_UNK;OTB;Otter_Trawl;Otter;Otter_Trawl
OTB_unk_0_0;NA;OT_MIX;;OTB_unk;OTB;Otter_Trawl;Otter;Otter_Trawl
OTG_UND_UND_0_0;;NA;;OTG_UND;OTG;NA;Other;Other
OTH_EEL_0_0_0;NA;NA;;OTH_EEL;OTH;NA;Other;Other
OTH_NA_0_0_0;;NA;;OTH_EEL;OTH;NA;Other;Other
OTM_ANA_UNK;NA;NA;;OTM_ANA;OTM;NA;Midwater;Midwater_Trawl
OTM_CAT_0_0_0;NA;NA;;OTM_CAT;OTM;NA;Midwater;Midwater_Trawl
OTM_CEP_0_0_0;NA;NA;;OTM_CEP;OTM;NA;Midwater;Midwater_Trawl
OTM_CRU_0;;NA;;OTM_CRU;OTM;NA;Midwater;Midwater_Trawl
OTM_CRU_1249;NA;NA;;OTM_CRU;OTM;NA;Midwater;Midwater_Trawl
OTM_CRU_16-31_0_0;NA;NA;;OTM_CRU;OTM;NA;Midwater;Midwater_Trawl
OTM_CRU_32-69_0_0;NA;NA;;OTM_CRU;OTM;NA;Midwater;Midwater_Trawl
OTM_CRU_70-99_0_0;NA;NA;;OTM_CRU;OTM;NA;Midwater;Midwater_Trawl
OTM_DEF_0;;NA;;OTM_DEF;OTM;NA;Midwater;Midwater_Trawl
OTM_DEF_0_0_0;NA;NA;;OTM_DEF;OTM;NA;Midwater;Midwater_Trawl
OTM_DEF_100-119_0_0;NA;NA;;OTM_DEF;OTM;NA;Midwater;Midwater_Trawl
OTM_DEF_100-129_0_0;NA;NA;;OTM_DEF;OTM;NA;Midwater;Midwater_Trawl
OTM_DEF_100_119_0;NA;NA;;OTM_DEF;OTM;NA;Midwater;Midwater_Trawl
OTM_DEF_1249;NA;NA;;OTM_DEF;OTM;NA;Midwater;Midwater_Trawl
OTM_DEF_16-31_0_0;NA;NA;;OTM_DEF;OTM;NA;Midwater;Midwater_Trawl
OTM_DEF_16_31_0;NA;NA;;OTM_DEF;OTM;NA;Midwater;Midwater_Trawl
OTM_DEF_2499;NA;NA;;OTM_DEF;OTM;NA;Midwater;Midwater_Trawl
OTM_DEF_32-69_0_0;NA;NA;;OTM_DEF;OTM;NA;Midwater;Midwater_Trawl
OTM_DEF_32_54_0;NA;NA;;OTM_DEF;OTM;NA;Midwater;Midwater_Trawl
OTM_DEF_32_69_0;NA;NA;;OTM_DEF;OTM;NA;Midwater;Midwater_Trawl
OTM_DEF_3999;NA;NA;;OTM_DEF;OTM;NA;Midwater;Midwater_Trawl
OTM_DEF_5000;NA;NA;;OTM_DEF;OTM;NA;Midwater;Midwater_Trawl
OTM_DEF_55_69_0;NA;NA;;OTM_DEF;OTM;NA;Midwater;Midwater_Trawl
OTM_DEF_70-99_0_0;NA;NA;;OTM_DEF;OTM;NA;Midwater;Midwater_Trawl
OTM_DEF_70_99_0;NA;NA;;OTM_DEF;OTM;NA;Midwater;Midwater_Trawl
OTM_DEF_90-104_0_0;NA;NA;;OTM_DEF;OTM;NA;Midwater;Midwater_Trawl
OTM_DEF_90-119_0_0;NA;NA;;OTM_DEF;OTM;NA;Midwater;Midwater_Trawl
OTM_DEF_90-99_0_0;NA;NA;;OTM_DEF;OTM;NA;Midwater;Midwater_Trawl
OTM_DEF_<16_0_0;NA;NA;;OTM_DEF;OTM;NA;Midwater;Midwater_Trawl
OTM_DEF_>=105_0_110;;NA;;OTM_DEF;OTM;NA;Midwater;Midwater_Trawl
OTM_DEF_>=105_1_110;NA;NA;;OTM_DEF;OTM;NA;Midwater;Midwater_Trawl
OTM_DEF_>=105_1_120;NA;NA;;OTM_DEF;OTM;NA;Midwater;Midwater_Trawl
OTM_DEF_>=120_0;NA;NA;;OTM_DEF;OTM;NA;Midwater;Midwater_Trawl
OTM_DEF_>=120_0_0;NA;NA;;OTM_DEF;OTM;NA;Midwater;Midwater_Trawl
OTM_DEF_>=70_0;NA;NA;;OTM_DEF;OTM;NA;Midwater;Midwater_Trawl
OTM_DEF_UNK;NA;NA;;OTM_DEF;OTM;NA;Midwater;Midwater_Trawl
OTM_DWS_0;;NA;;OTM_DWS;OTM;NA;Midwater;Midwater_Trawl
OTM_DWS_2499;NA;NA;;OTM_DWS;OTM;NA;Midwater;Midwater_Trawl
OTM_DWS_3999;NA;NA;;OTM_DWS;OTM;NA;Midwater;Midwater_Trawl
OTM_DWS_5000;NA;NA;;OTM_DWS;OTM;NA;Midwater;Midwater_Trawl
OTM_FWS_55-69_0_0;NA;NA;;OTM_FWS;OTM;NA;Midwater;Midwater_Trawl
OTM_FWS_>0_0_0;NA;NA;;OTM_FWS;OTM;NA;Midwater;Midwater_Trawl
OTM_FWS_UNK;NA;NA;;OTM_FWS;OTM;NA;Midwater;Midwater_Trawl
OTM_LPF_0_0_0;NA;NA;;OTM_LPF;OTM;NA;Midwater;Midwater_Trawl
OTM_LPF_100-119_0_0;NA;NA;;OTM_LPF;OTM;NA;Midwater;Midwater_Trawl
OTM_LPF_100_119_0;NA;NA;;OTM_LPF;OTM;NA;Midwater;Midwater_Trawl
OTM_LPF_16_31_0;NA;NA;;OTM_LPF;OTM;NA;Midwater;Midwater_Trawl
OTM_LPF_32-54_0_0;NA;NA;;OTM_LPF;OTM;NA;Midwater;Midwater_Trawl
OTM_LPF_32-69_0_0;NA;NA;;OTM_LPF;OTM;NA;Midwater;Midwater_Trawl
OTM_LPF_32_54_0;NA;NA;;OTM_LPF;OTM;NA;Midwater;Midwater_Trawl
OTM_LPF_70_99_0;NA;NA;;OTM_LPF;OTM;NA;Midwater;Midwater_Trawl
OTM_LPF_>=120_0;NA;NA;;OTM_LPF;OTM;NA;Midwater;Midwater_Trawl
OTM_LPF_>=120_0_0;NA;NA;;OTM_LPF;OTM;NA;Midwater;Midwater_Trawl
OTM_LPF_>=70_0;NA;NA;;OTM_LPF;OTM;NA;Midwater;Midwater_Trawl
OTM_MOL_16-31_0_0;NA;NA;;OTM_MOL;OTM;NA;Midwater;Midwater_Trawl
OTM_NOC_16-31_0_0;;NA;;OTM_NOC;OTM;NA;Midwater;Midwater_Trawl
OTM_NOC_32-69_0_0;;NA;;OTM_NOC;OTM;NA;Midwater;Midwater_Trawl
OTM_SPF_0;;NA;;OTM_NOC;OTM;NA;Midwater;Midwater_Trawl
OTM_SPF_0_0_0;NA;NA;;OTM_SPF;OTM;NA;Midwater;Midwater_Trawl
OTM_SPF_0_16_0;NA;NA;;OTM_SPF;OTM;NA;Midwater;Midwater_Trawl
OTM_SPF_100-119_0_0;NA;NA;;OTM_SPF;OTM;NA;Midwater;Midwater_Trawl
OTM_SPF_100_119_0;NA;NA;;OTM_SPF;OTM;NA;Midwater;Midwater_Trawl
OTM_SPF_1249;NA;NA;;OTM_SPF;OTM;NA;Midwater;Midwater_Trawl
OTM_SPF_16-104_0_0;NA;NA;;OTM_SPF;OTM;NA;Midwater;Midwater_Trawl
OTM_SPF_16-31_0_0;NA;NA;;OTM_SPF;OTM;NA;Midwater;Midwater_Trawl
OTM_SPF_16_31_0;NA;NA;;OTM_SPF;OTM;NA;Midwater;Midwater_Trawl
OTM_SPF_16_31_0_0;NA;NA;;OTM_SPF;OTM;NA;Midwater;Midwater_Trawl
OTM_SPF_1749;NA;NA;;OTM_SPF;OTM;NA;Midwater;Midwater_Trawl
OTM_SPF_2499;NA;NA;;OTM_SPF;OTM;NA;Midwater;Midwater_Trawl
OTM_SPF_32-104_0_0;NA;NA;;OTM_SPF;OTM;NA;Midwater;Midwater_Trawl
OTM_SPF_32-54_0_0;NA;NA;;OTM_SPF;OTM;NA;Midwater;Midwater_Trawl
OTM_SPF_32-69_0_0;NA;NA;;OTM_SPF;OTM;NA;Midwater;Midwater_Trawl
OTM_SPF_32-89_0_0;NA;NA;;OTM_SPF;OTM;NA;Midwater;Midwater_Trawl
OTM_SPF_32_54_0;NA;NA;;OTM_SPF;OTM;NA;Midwater;Midwater_Trawl
OTM_SPF_32_69_0;NA;NA;;OTM_SPF;OTM;NA;Midwater;Midwater_Trawl
OTM_SPF_349;NA;NA;;OTM_SPF;OTM;NA;Midwater;Midwater_Trawl
OTM_SPF_3999;NA;NA;;OTM_SPF;OTM;NA;Midwater;Midwater_Trawl
OTM_SPF_40_64_0;NA;NA;;OTM_SPF;OTM;NA;Midwater;Midwater_Trawl
OTM_SPF_5000;NA;NA;;OTM_SPF;OTM;NA;Midwater;Midwater_Trawl
OTM_SPF_55-69_0_0;;NA;;OTM_SPF;OTM;NA;Midwater;Midwater_Trawl
OTM_SPF_70-99_0_0;NA;NA;;OTM_SPF;OTM;NA;Midwater;Midwater_Trawl
OTM_SPF_70_99_0;NA;NA;;OTM_SPF;OTM;NA;Midwater;Midwater_Trawl
OTM_SPF_874;NA;NA;;OTM_SPF;OTM;NA;Midwater;Midwater_Trawl
OTM_SPF_<16_0_0;NA;NA;;OTM_SPF;OTM;NA;Midwater;Midwater_Trawl
OTM_SPF_>=120_0_0;NA;NA;;OTM_SPF;OTM;NA;Midwater;Midwater_Trawl
OTM_SPF_>=40_0_0;NA;NA;;OTM_SPF;OTM;NA;Midwater;Midwater_Trawl
OTM_SPF_>=65_0;NA;NA;;OTM_SPF;OTM;NA;Midwater;Midwater_Trawl
OTM_SPF_>=70_0;NA;NA;;OTM_SPF;OTM;NA;Midwater;Midwater_Trawl
OTM_SPF_UND_0_0;;NA;;OTM_SPF;OTM;NA;Midwater;Midwater_Trawl
OTM_SPF_UNK;NA;NA;;OTM_SPF;OTM;NA;Midwater;Midwater_Trawl
OTM_UNK_2499;NA;NA;;OTM_UNK;OTM;NA;Midwater;Midwater_Trawl
OTM_UNK_UNK;NA;NA;;OTM_UNK;OTM;NA;Midwater;Midwater_Trawl
OTS_CRU_349;OT_MIX_CRU;OT_CRU;;OTS_CRU;OTS;Otter_Trawl;Otter;Twin_Otter_Trawl
OTS_CRU_624;OT_MIX_CRU;OT_CRU;;OTS_CRU;OTS;Otter_Trawl;Otter;Twin_Otter_Trawl
OTS_DEF_3999;OT_DMF;OT_DMF;;OTS_DEF;OTS;Otter_Trawl;Otter;Twin_Otter_Trawl
OTT_CEP_0_0_0;NA;OT_MIX;;OTT_CEP;OTT;Otter_Trawl_Twin;Otter;Twin_Otter_Trawl
OTT_CEP_100_119_0;NA;OT_MIX;;OTT_CEP;OTT;Otter_Trawl_Twin;Otter;Twin_Otter_Trawl
OTT_CEP_16_31_0;NA;OT_MIX;;OTT_CEP;OTT;Otter_Trawl_Twin;Otter;Twin_Otter_Trawl
OTT_CEP_32_54_0;NA;OT_MIX;;OTT_CEP;OTT;Otter_Trawl_Twin;Otter;Twin_Otter_Trawl
OTT_CEP_32_69_0;NA;OT_MIX;;OTT_CEP;OTT;Otter_Trawl_Twin;Otter;Twin_Otter_Trawl
OTT_CEP_55_69_0;NA;OT_MIX;;OTT_CEP;OTT;Otter_Trawl_Twin;Otter;Twin_Otter_Trawl
OTT_CEP_70_99_0;NA;OT_MIX;;OTT_CEP;OTT;Otter_Trawl_Twin;Otter;Twin_Otter_Trawl
OTT_CEP_>=120_0;NA;OT_MIX;;OTT_CEP;OTT;Otter_Trawl_Twin;Otter;Twin_Otter_Trawl
OTT_CEP_>=70_0;NA;OT_MIX;;OTT_CEP;OTT;Otter_Trawl_Twin;Otter;Twin_Otter_Trawl
OTT_CHECK_100-119_0_;NA;NA;;OTT_CHE;OTT;Otter_Trawl_Twin;Otter;Twin_Otter_Trawl
OTT_CHECK_70-99_0_0;NA;NA;;OTT_CHE;OTT;Otter_Trawl_Twin;Otter;Twin_Otter_Trawl
OTT_CHECK_>=120_0_0;NA;NA;;OTT_CHE;OTT;Otter_Trawl_Twin;Otter;Twin_Otter_Trawl
OTT_CRU_0;;OT_CRU;;OTT_CRU;OTT;Otter_Trawl_Twin;Otter;Twin_Otter_Trawl
OTT_CRU_0_0_0;OT_CRU;OT_CRU;;OTT_CRU;OTT;Otter_Trawl_Twin;Otter;Twin_Otter_Trawl
OTT_CRU_0_16_0;OT_CRU;OT_CRU;;OTT_CRU;OTT;Otter_Trawl_Twin;Otter;Twin_Otter_Trawl
OTT_CRU_100-119_0_0;OT_CRU;OT_CRU;;OTT_CRU;OTT;Otter_Trawl_Twin;Otter;Twin_Otter_Trawl
OTT_CRU_100_119_0;OT_CRU;OT_CRU;;OTT_CRU;OTT;Otter_Trawl_Twin;Otter;Twin_Otter_Trawl
OTT_CRU_16-31_0_0;OT_CRU;OT_CRU;;OTT_CRU;OTT;Otter_Trawl_Twin;Otter;Twin_Otter_Trawl
OTT_CRU_16_31_0;OT_CRU;OT_CRU;;OTT_CRU;OTT;Otter_Trawl_Twin;Otter;Twin_Otter_Trawl
OTT_CRU_32-69_0_0;OT_CRU;OT_CRU;;OTT_CRU;OTT;Otter_Trawl_Twin;Otter;Twin_Otter_Trawl
OTT_CRU_32-69_2_22;OT_CRU;OT_CRU;;OTT_CRU;OTT;Otter_Trawl_Twin;Otter;Twin_Otter_Trawl
OTT_CRU_32_54_0;OT_CRU;OT_CRU;;OTT_CRU;OTT;Otter_Trawl_Twin;Otter;Twin_Otter_Trawl
OTT_CRU_32_69_0;OT_CRU;OT_CRU;;OTT_CRU;OTT;Otter_Trawl_Twin;Otter;Twin_Otter_Trawl
OTT_CRU_55_69_0;OT_CRU;OT_CRU;;OTT_CRU;OTT;Otter_Trawl_Twin;Otter;Twin_Otter_Trawl
OTT_CRU_624;OT_CRU;OT_CRU;;OTT_CRU;OTT;Otter_Trawl_Twin;Otter;Twin_Otter_Trawl
OTT_CRU_70-89_2_35;OT_CRU;OT_CRU;;OTT_CRU;OTT;Otter_Trawl_Twin;Otter;Twin_Otter_Trawl
OTT_CRU_70-99_0_0;OT_CRU;OT_CRU;;OTT_CRU;OTT;Otter_Trawl_Twin;Otter;Twin_Otter_Trawl
OTT_CRU_70_99_0;OT_CRU;OT_CRU;;OTT_CRU;OTT;Otter_Trawl_Twin;Otter;Twin_Otter_Trawl
OTT_CRU_90-119_0_0;OT_CRU;OT_CRU;;OTT_CRU;OTT;Otter_Trawl_Twin;Otter;Twin_Otter_Trawl
OTT_CRU_90-119_1_120;OT_CRU;OT_CRU;;OTT_CRU;OTT;Otter_Trawl_Twin;Otter;Twin_Otter_Trawl
OTT_CRU_90-119_1_140;OT_CRU;OT_CRU;;OTT_CRU;OTT;Otter_Trawl_Twin;Otter;Twin_Otter_Trawl
OTT_CRU_90-119_1_300;OT_CRU;OT_CRU;;OTT_CRU;OTT;Otter_Trawl_Twin;Otter;Twin_Otter_Trawl
OTT_CRU_<16_0_0;OT_CRU;OT_CRU;;OTT_CRU;OTT;Otter_Trawl_Twin;Otter;Twin_Otter_Trawl
OTT_CRU_>0_0_0;OT_CRU;OT_CRU;;OTT_CRU;OTT;Otter_Trawl_Twin;Otter;Twin_Otter_Trawl
OTT_CRU_>=120_0;OT_CRU;OT_CRU;;OTT_CRU;OTT;Otter_Trawl_Twin;Otter;Twin_Otter_Trawl
OTT_CRU_>=120_0_0;OT_CRU;OT_CRU;;OTT_CRU;OTT;Otter_Trawl_Twin;Otter;Twin_Otter_Trawl
OTT_CRU_>=120_1_120;OT_CRU;OT_CRU;;OTT_CRU;OTT;Otter_Trawl_Twin;Otter;Twin_Otter_Trawl
OTT_CRU_>=65_0;OT_CRU;OT_CRU;;OTT_CRU;OTT;Otter_Trawl_Twin;Otter;Twin_Otter_Trawl
OTT_CRU_>=70_0;OT_CRU;OT_CRU;;OTT_CRU;OTT;Otter_Trawl_Twin;Otter;Twin_Otter_Trawl
OTT_DEF_0_0_0;OT_DMF;OT_DMF;;OTT_DEF;OTT;Otter_Trawl_Twin;Otter;Twin_Otter_Trawl
OTT_DEF_0_16_0;OT_DMF;OT_DMF;;OTT_DEF;OTT;Otter_Trawl_Twin;Otter;Twin_Otter_Trawl
OTT_DEF_100-119_0_0;OT_DMF;OT_DMF;;OTT_DEF;OTT;Otter_Trawl_Twin;Otter;Twin_Otter_Trawl
OTT_DEF_100_119_0;OT_DMF;OT_DMF;;OTT_DEF;OTT;Otter_Trawl_Twin;Otter;Twin_Otter_Trawl
OTT_DEF_16-31_0_0;OT_DMF;OT_DMF;;OTT_DEF;OTT;Otter_Trawl_Twin;Otter;Twin_Otter_Trawl
OTT_DEF_16_31_0;OT_DMF;OT_DMF;;OTT_DEF;OTT;Otter_Trawl_Twin;Otter;Twin_Otter_Trawl
OTT_DEF_32-69_0_0;OT_DMF;OT_DMF;;OTT_DEF;OTT;Otter_Trawl_Twin;Otter;Twin_Otter_Trawl
OTT_DEF_32_54_0;OT_DMF;OT_DMF;;OTT_DEF;OTT;Otter_Trawl_Twin;Otter;Twin_Otter_Trawl
OTT_DEF_32_69_0;OT_DMF;OT_DMF;;OTT_DEF;OTT;Otter_Trawl_Twin;Otter;Twin_Otter_Trawl
OTT_DEF_55_69_0;OT_DMF;OT_DMF;;OTT_DEF;OTT;Otter_Trawl_Twin;Otter;Twin_Otter_Trawl
OTT_DEF_70-99_0_0;OT_DMF;OT_DMF;;OTT_DEF;OTT;Otter_Trawl_Twin;Otter;Twin_Otter_Trawl
OTT_DEF_70_99_0;OT_DMF;OT_DMF;;OTT_DEF;OTT;Otter_Trawl_Twin;Otter;Twin_Otter_Trawl
OTT_DEF_90-119_0_0;OT_DMF;OT_DMF;;OTT_DEF;OTT;Otter_Trawl_Twin;Otter;Twin_Otter_Trawl
OTT_DEF_90-119_1_120;OT_DMF;OT_DMF;;OTT_DEF;OTT;Otter_Trawl_Twin;Otter;Twin_Otter_Trawl
OTT_DEF_90-119_1_140;OT_DMF;OT_DMF;;OTT_DEF;OTT;Otter_Trawl_Twin;Otter;Twin_Otter_Trawl
OTT_DEF_90-119_1_300;OT_DMF;OT_DMF;;OTT_DEF;OTT;Otter_Trawl_Twin;Otter;Twin_Otter_Trawl
OTT_DEF_<16_0_0;OT_DMF;OT_DMF;;OTT_DEF;OTT;Otter_Trawl_Twin;Otter;Twin_Otter_Trawl
OTT_DEF_>0_0_0;OT_DMF;OT_DMF;;OTT_DEF;OTT;Otter_Trawl_Twin;Otter;Twin_Otter_Trawl
OTT_DEF_>=105_0_0;OT_DMF;OT_DMF;;OTT_DEF;OTT;Otter_Trawl_Twin;Otter;Twin_Otter_Trawl
OTT_DEF_>=105_1_120;OT_DMF;OT_DMF;;OTT_DEF;OTT;Otter_Trawl_Twin;Otter;Twin_Otter_Trawl
OTT_DEF_>=120_0;OT_DMF;OT_DMF;;OTT_DEF;OTT;Otter_Trawl_Twin;Otter;Twin_Otter_Trawl
OTT_DEF_>=120_0_0;OT_DMF;OT_DMF;;OTT_DEF;OTT;Otter_Trawl_Twin;Otter;Twin_Otter_Trawl
OTT_DEF_>=120_1_120;OT_DMF;OT_DMF;;OTT_DEF;OTT;Otter_Trawl_Twin;Otter;Twin_Otter_Trawl
OTT_DEF_>=65_0;OT_DMF;OT_DMF;;OTT_DEF;OTT;Otter_Trawl_Twin;Otter;Twin_Otter_Trawl
OTT_DEF_>=70_0;OT_DMF;OT_DMF;;OTT_DEF;OTT;Otter_Trawl_Twin;Otter;Twin_Otter_Trawl
OTT_DWS_100_119_0;NA;OT_MIX_DMF_BEN;;OTT_DWS;OTT;Otter_Trawl_Twin;Otter;Twin_Otter_Trawl
OTT_DWS_70-99_0_0;NA;OT_MIX_DMF_BEN;;OTT_DWS;OTT;Otter_Trawl_Twin;Otter;Twin_Otter_Trawl
OTT_DWS_>=120_0_0;NA;OT_MIX_DMF_BEN;;OTT_DWS;OTT;Otter_Trawl_Twin;Otter;Twin_Otter_Trawl
OTT_DWS_>=70_0;NA;OT_MIX_DMF_BEN;;OTT_DWS;OTT;Otter_Trawl_Twin;Otter;Twin_Otter_Trawl
OTT_FIF_90-119_0_0;NA;OT_DMF;;OTT_FIF;OTT;Otter_Trawl_Twin;Otter;Twin_Otter_Trawl
OTT_FIF_90-119_1_120;NA;OT_DMF;;OTT_FIF;OTT;Otter_Trawl_Twin;Otter;Twin_Otter_Trawl
OTT_MCD_100-119_0_0;OT_MIX_CRU;OT_MIX_CRU_DMF;OT_MIX_NEP;OTT_MCD;OTT;Otter_Trawl_Twin;Otter;Twin_Otter_Trawl
OTT_MCD_70-99_0_0;OT_MIX_CRU;OT_MIX_CRU_DMF;OT_MIX_NEP;OTT_MCD;OTT;Otter_Trawl_Twin;Otter;Twin_Otter_Trawl
OTT_MCD_90-119_0_0;OT_MIX_CRU;OT_MIX_CRU_DMF;OT_MIX_NEP;OTT_MCD;OTT;Otter_Trawl_Twin;Otter;Twin_Otter_Trawl
OTT_MCD_90-119_1_120;OT_MIX_CRU;OT_MIX_CRU_DMF;OT_MIX_NEP;OTT_MCD;OTT;Otter_Trawl_Twin;Otter;Twin_Otter_Trawl
OTT_MCD_90-119_1_140;OT_MIX_CRU;OT_MIX_CRU_DMF;OT_MIX_NEP;OTT_MCD;OTT;Otter_Trawl_Twin;Otter;Twin_Otter_Trawl
OTT_MCD_90-119_1_300;OT_MIX_CRU;OT_MIX_CRU_DMF;OT_MIX_NEP;OTT_MCD;OTT;Otter_Trawl_Twin;Otter;Twin_Otter_Trawl
OTT_MCD_90-119_1_>14;OT_MIX_CRU;OT_MIX_CRU_DMF;OT_MIX_NEP;OTT_MCD;OTT;Otter_Trawl_Twin;Otter;Twin_Otter_Trawl
OTT_MCD_90-119_1_>140;;OT_MIX_CRU_DMF;OT_MIX_NEP;OTT_MCD;OTT;Otter_Trawl_Twin;Otter;Twin_Otter_Trawl
OTT_MCD_>=120_0_0;OT_MIX_CRU;OT_MIX_CRU_DMF;OT_MIX_NEP;OTT_MCD;OTT;Otter_Trawl_Twin;Otter;Twin_Otter_Trawl
OTT_MCD_UND_0_0;;OT_MIX_CRU_DMF;OT_MIX_NEP;OTT_MCD;OTT;Otter_Trawl_Twin;Otter;Twin_Otter_Trawl
OTT_MOL_100-119_0_0;OT_MIX;OT_MIX;;OTT_MOL;OTT;Otter_Trawl_Twin;Otter;Twin_Otter_Trawl
OTT_MOL_32-69_0_0;OT_MIX;OT_MIX;;OTT_MOL;OTT;Otter_Trawl_Twin;Otter;Twin_Otter_Trawl
OTT_MOL_70-99_0_0;OT_MIX;OT_MIX;;OTT_MOL;OTT;Otter_Trawl_Twin;Otter;Twin_Otter_Trawl
OTT_MOL_<16_0_0;OT_MIX;OT_MIX;;OTT_MOL;OTT;Otter_Trawl_Twin;Otter;Twin_Otter_Trawl
OTT_MOL_>=120_0_0;OT_MIX;OT_MIX;;OTT_MOL;OTT;Otter_Trawl_Twin;Otter;Twin_Otter_Trawl
OTT_MOL_>=70_0;OT_MIX;OT_MIX;;OTT_MOL;OTT;Otter_Trawl_Twin;Otter;Twin_Otter_Trawl
OTT_NOC_100-119_0_0;;OT_MIX;;OTT_NOC;OTT;Otter_Trawl_Twin;Otter;Twin_Otter_Trawl
OTT_NOC_70-99_0_0;;OT_MIX;;OTT_NOC;OTT;Otter_Trawl_Twin;Otter;Twin_Otter_Trawl
OTT_NOC_>=120_0_0;;OT_MIX;;OTT_NOC;OTT;Otter_Trawl_Twin;Otter;Twin_Otter_Trawl
OTT_unk_0_0;NA;OT_MIX;;OTT_unk;OTT;Otter_Trawl_Twin;Otter;Twin_Otter_Trawl
OT_CRU_349;OT_CRU;OT_CRU;;OT_CRU;OT;Otter_Trawl;Otter;Otter_Trawl
OT_DEF_0;;OT_DMF;;OT_DEF;OT;Otter_Trawl;Otter;Otter_Trawl
OT_DEF_1249;OT_DMF;OT_DMF;;OT_DEF;OT;Otter_Trawl;Otter;Otter_Trawl
OT_DWS_0;;OT_MIX_DMF_BEN;;OT_DWS;OT;Otter_Trawl;Otter;Otter_Trawl
OT_DWS_3999;NA;OT_MIX_DMF_BEN;;OT_DWS;OT;Otter_Trawl;Otter;Otter_Trawl
OT_SPF_0;;OT_SPF;;OT_SPF;OT;Otter_Trawl;Otter;Otter_Trawl
OT_SPF_5000;OT_SPF;OT_SPF;;OT_SPF;OT;Otter_Trawl;Otter;Otter_Trawl
PS1_DEF_0;;NA;;PS1_DEF;PS1;NA;Seine;Purse_seine
PS1_DEF_1249;NA;NA;;PS1_DEF;PS1;NA;Seine;Purse_seine
PS1_DEF_1749;NA;NA;;PS1_DEF;PS1;NA;Seine;Purse_seine
PS1_DEF_2499;NA;NA;;PS1_DEF;PS1;NA;Seine;Purse_seine
PS1_DEF_349;NA;NA;;PS1_DEF;PS1;NA;Seine;Purse_seine
PS1_DEF_3999;NA;NA;;PS1_DEF;PS1;NA;Seine;Purse_seine
PS1_DEF_624;NA;NA;;PS1_DEF;PS1;NA;Seine;Purse_seine
PS1_DEF_874;NA;NA;;PS1_DEF;PS1;NA;Seine;Purse_seine
PS1_LPF_0;;NA;;PS1_LPF;PS1;NA;Seine;Purse_seine
PS1_SPF_0;;NA;;PS1_SPF;PS1;NA;Seine;Purse_seine
PS1_SPF_1249;NA;NA;;PS1_SPF;PS1;NA;Seine;Purse_seine
PS1_SPF_149;NA;NA;;PS1_SPF;PS1;NA;Seine;Purse_seine
PS1_SPF_1749;NA;NA;;PS1_SPF;PS1;NA;Seine;Purse_seine
PS1_SPF_2499;NA;NA;;PS1_SPF;PS1;NA;Seine;Purse_seine
PS1_SPF_349;NA;NA;;PS1_SPF;PS1;NA;Seine;Purse_seine
PS1_SPF_3999;NA;NA;;PS1_SPF;PS1;NA;Seine;Purse_seine
PS1_SPF_5000;NA;NA;;PS1_SPF;PS1;NA;Seine;Purse_seine
PS1_SPF_624;NA;NA;;PS1_SPF;PS1;NA;Seine;Purse_seine
PS1_SPF_874;NA;NA;;PS1_SPF;PS1;NA;Seine;Purse_seine
PS1_UNK_0;;NA;;PS1_UNK;PS1;NA;Seine;Purse_seine
PS2_DEF_0;;NA;;PS2_DEF;PS2;NA;Seine;Purse_seine
PS2_DEF_1249;NA;NA;;PS2_DEF;PS2;NA;Seine;Purse_seine
PS2_DEF_1749;NA;NA;;PS2_DEF;PS2;NA;Seine;Purse_seine
PS2_DEF_2499;NA;NA;;PS2_DEF;PS2;NA;Seine;Purse_seine
PS2_DEF_3999;NA;NA;;PS2_DEF;PS2;NA;Seine;Purse_seine
PS2_DEF_5000;NA;NA;;PS2_DEF;PS2;NA;Seine;Purse_seine
PS2_DEF_624;NA;NA;;PS2_DEF;PS2;NA;Seine;Purse_seine
PS2_DEF_874;NA;NA;;PS2_DEF;PS2;NA;Seine;Purse_seine
PS2_DWS_0;;NA;;PS2_DWS;PS2;NA;Seine;Purse_seine
PS2_DWS_1749;NA;NA;;PS2_DWS;PS2;NA;Seine;Purse_seine
PS2_DWS_2499;NA;NA;;PS2_DWS;PS2;NA;Seine;Purse_seine
PS2_DWS_3999;NA;NA;;PS2_DWS;PS2;NA;Seine;Purse_seine
PS2_DWS_5000;NA;NA;;PS2_DWS;PS2;NA;Seine;Purse_seine
PS2_LPF_0;;NA;;PS2_LPF;PS2;NA;Seine;Purse_seine
PS2_SPF_0;;NA;;PS2_SPF;PS2;NA;Seine;Purse_seine
PS2_SPF_1249;NA;NA;;PS2_SPF;PS2;NA;Seine;Purse_seine
PS2_SPF_149;NA;NA;;PS2_SPF;PS2;NA;Seine;Purse_seine
PS2_SPF_1749;NA;NA;;PS2_SPF;PS2;NA;Seine;Purse_seine
PS2_SPF_2499;NA;NA;;PS2_SPF;PS2;NA;Seine;Purse_seine
PS2_SPF_349;NA;NA;;PS2_SPF;PS2;NA;Seine;Purse_seine
PS2_SPF_3999;NA;NA;;PS2_SPF;PS2;NA;Seine;Purse_seine
PS2_SPF_5000;NA;NA;;PS2_SPF;PS2;NA;Seine;Purse_seine
PS2_SPF_624;NA;NA;;PS2_SPF;PS2;NA;Seine;Purse_seine
PS2_SPF_874;NA;NA;;PS2_SPF;PS2;NA;Seine;Purse_seine
PS_DEF_0;;NA;;PS_DEF;PS;NA;Seine;Purse_seine
PS_DEF_0_0_0;NA;NA;;PS_DEF;PS;NA;Seine;Purse_seine
PS_DEF_0_16_0;NA;NA;;PS_DEF;PS;NA;Seine;Purse_seine
PS_DEF_100_119_0;NA;NA;;PS_DEF;PS;NA;Seine;Purse_seine
PS_DEF_1249;NA;NA;;PS_DEF;PS;NA;Seine;Purse_seine
PS_DEF_16_31_0;NA;NA;;PS_DEF;PS;NA;Seine;Purse_seine
PS_DEF_1749;NA;NA;;PS_DEF;PS;NA;Seine;Purse_seine
PS_DEF_2499;NA;NA;;PS_DEF;PS;NA;Seine;Purse_seine
PS_DEF_32_54_0;NA;NA;;PS_DEF;PS;NA;Seine;Purse_seine
PS_DEF_32_69_0;NA;NA;;PS_DEF;PS;NA;Seine;Purse_seine
PS_DEF_349;NA;NA;;PS_DEF;PS;NA;Seine;Purse_seine
PS_DEF_55_69_0;NA;NA;;PS_DEF;PS;NA;Seine;Purse_seine
PS_DEF_624;NA;NA;;PS_DEF;PS;NA;Seine;Purse_seine
PS_DEF_70_99_0;NA;NA;;PS_DEF;PS;NA;Seine;Purse_seine
PS_DEF_874;NA;NA;;PS_DEF;PS;NA;Seine;Purse_seine
PS_DEF_>=120_0;NA;NA;;PS_DEF;PS;NA;Seine;Purse_seine
PS_DEF_>=70_0;NA;NA;;PS_DEF;PS;NA;Seine;Purse_seine
PS_LPF_0_0_0;NA;NA;;PS_LPF;PS;NA;Seine;Purse_seine
PS_LPF_0_16_0;NA;NA;;PS_LPF;PS;NA;Seine;Purse_seine
PS_LPF_16_31_0;NA;NA;;PS_LPF;PS;NA;Seine;Purse_seine
PS_LPF_>=120_0;NA;NA;;PS_LPF;PS;NA;Seine;Purse_seine
PS_LPF_>=70_0;NA;NA;;PS_LPF;PS;NA;Seine;Purse_seine
PS_SPF_0;;NA;;PS_SPF;PS;NA;Seine;Purse_seine
PS_SPF_0_0_0;NA;NA;;PS_SPF;PS;NA;Seine;Purse_seine
PS_SPF_0_16_0;NA;NA;;PS_SPF;PS;NA;Seine;Purse_seine
PS_SPF_100-119_0_0;;NA;;PS_SPF;PS;NA;Seine;Purse_seine
PS_SPF_100_119_0;NA;NA;;PS_SPF;PS;NA;Seine;Purse_seine
PS_SPF_1249;NA;NA;;PS_SPF;PS;NA;Seine;Purse_seine
PS_SPF_16-104_0_0;NA;NA;;PS_SPF;PS;NA;Seine;Purse_seine
PS_SPF_16-31_0_0;NA;NA;;PS_SPF;PS;NA;Seine;Purse_seine
PS_SPF_16_31_0;NA;NA;;PS_SPF;PS;NA;Seine;Purse_seine
PS_SPF_1749;NA;NA;;PS_SPF;PS;NA;Seine;Purse_seine
PS_SPF_2499;NA;NA;;PS_SPF;PS;NA;Seine;Purse_seine
PS_SPF_32-104_0_0;NA;NA;;PS_SPF;PS;NA;Seine;Purse_seine
PS_SPF_32-69_0_0;NA;NA;;PS_SPF;PS;NA;Seine;Purse_seine
PS_SPF_32_54_0;NA;NA;;PS_SPF;PS;NA;Seine;Purse_seine
PS_SPF_32_69_0;NA;NA;;PS_SPF;PS;NA;Seine;Purse_seine
PS_SPF_349;NA;NA;;PS_SPF;PS;NA;Seine;Purse_seine
PS_SPF_3999;NA;NA;;PS_SPF;PS;NA;Seine;Purse_seine
PS_SPF_5000;NA;NA;;PS_SPF;PS;NA;Seine;Purse_seine
PS_SPF_55_69_0;NA;NA;;PS_SPF;PS;NA;Seine;Purse_seine
PS_SPF_624;NA;NA;;PS_SPF;PS;NA;Seine;Purse_seine
PS_SPF_70_99_0;NA;NA;;PS_SPF;PS;NA;Seine;Purse_seine
PS_SPF_874;NA;NA;;PS_SPF;PS;NA;Seine;Purse_seine
PS_SPF_<16_0_0;;NA;;PS_SPF;PS;NA;Seine;Purse_seine
PS_SPF_<16_0_0;NA;NA;;PS_SPF;PS;NA;Seine;Purse_seine
PS_SPF_>0_0_0;NA;NA;;PS_SPF;PS;NA;Seine;Purse_seine
PS_SPF_>=120_0;NA;NA;;PS_SPF;PS;NA;Seine;Purse_seine
PS_SPF_>=16_0_0;;NA;;PS_SPF;PS;NA;Seine;Purse_seine
PS_SPF_>=70_0;NA;NA;;PS_SPF;PS;NA;Seine;Purse_seine
PS_SPF_misc_0_0;NA;NA;;PS_SPF;PS;NA;Seine;Purse_seine
PTB_CEP_0_0_0;NA;OT_MIX;;PTB_CEP;PTB;Pair_Trawl_Seine;Otter;Pair_Trawl
PTB_CHECK_70-99_0_0;NA;OT_MIX;;PTB_CHE;PTB;Pair_Trawl_Seine;Otter;Pair_Trawl
PTB_CHECK_>=120_0_0;NA;OT_MIX;;PTB_CHE;PTB;Pair_Trawl_Seine;Otter;Pair_Trawl
PTB_CRU_0;;OT_CRU;;PTB_CRU;PTB;Pair_Trawl_Seine;Otter;Pair_Trawl
PTB_CRU_100-119_0_0;;OT_CRU;;PTB_CRU;PTB;Pair_Trawl_Seine;Otter;Pair_Trawl
PTB_CRU_70-99_0_0;OT_CRU;OT_CRU;;PTB_CRU;PTB;Pair_Trawl_Seine;Otter;Pair_Trawl
PTB_CRU_874;OT_CRU;OT_CRU;;PTB_CRU;PTB;Pair_Trawl_Seine;Otter;Pair_Trawl
PTB_CRU_>=120_0_0;;OT_CRU;;PTB_CRU;PTB;Pair_Trawl_Seine;Otter;Pair_Trawl
PTB_DEF_0;;OT_DMF;;PTB_DEF;PTB;Pair_Trawl_Seine;Otter;Pair_Trawl
PTB_DEF_0_0_0;OT_DMF;OT_DMF;;PTB_DEF;PTB;Pair_Trawl_Seine;Otter;Pair_Trawl
PTB_DEF_0_16_0;OT_DMF;OT_DMF;;PTB_DEF;PTB;Pair_Trawl_Seine;Otter;Pair_Trawl
PTB_DEF_100-119_0_0;OT_DMF;OT_DMF;;PTB_DEF;PTB;Pair_Trawl_Seine;Otter;Pair_Trawl
PTB_DEF_100_119_0;OT_DMF;OT_DMF;;PTB_DEF;PTB;Pair_Trawl_Seine;Otter;Pair_Trawl
PTB_DEF_16-31_0_0;OT_DMF;OT_DMF;;PTB_DEF;PTB;Pair_Trawl_Seine;Otter;Pair_Trawl
PTB_DEF_16_31_0;OT_DMF;OT_DMF;;PTB_DEF;PTB;Pair_Trawl_Seine;Otter;Pair_Trawl
PTB_DEF_32-69_0_0;OT_DMF;OT_DMF;;PTB_DEF;PTB;Pair_Trawl_Seine;Otter;Pair_Trawl
PTB_DEF_32_54_0;OT_DMF;OT_DMF;;PTB_DEF;PTB;Pair_Trawl_Seine;Otter;Pair_Trawl
PTB_DEF_32_69_0;OT_DMF;OT_DMF;;PTB_DEF;PTB;Pair_Trawl_Seine;Otter;Pair_Trawl
PTB_DEF_70-99_0_0;OT_DMF;OT_DMF;;PTB_DEF;PTB;Pair_Trawl_Seine;Otter;Pair_Trawl
PTB_DEF_70_99_0;OT_DMF;OT_DMF;;PTB_DEF;PTB;Pair_Trawl_Seine;Otter;Pair_Trawl
PTB_DEF_874;OT_DMF;OT_DMF;;PTB_DEF;PTB;Pair_Trawl_Seine;Otter;Pair_Trawl
PTB_DEF_90-104_0_0;OT_DMF;OT_DMF;;PTB_DEF;PTB;Pair_Trawl_Seine;Otter;Pair_Trawl
PTB_DEF_<16_0_0;OT_DMF;OT_DMF;;PTB_DEF;PTB;Pair_Trawl_Seine;Otter;Pair_Trawl
PTB_DEF_>=105_1_110;OT_DMF;OT_DMF;;PTB_DEF;PTB;Pair_Trawl_Seine;Otter;Pair_Trawl
PTB_DEF_>=105_1_120;OT_DMF;OT_DMF;;PTB_DEF;PTB;Pair_Trawl_Seine;Otter;Pair_Trawl
PTB_DEF_>=120_0;;OT_DMF;;PTB_DEF;PTB;Pair_Trawl_Seine;Otter;Pair_Trawl
PTB_DEF_>=120_0_0;OT_DMF;OT_DMF;;PTB_DEF;PTB;Pair_Trawl_Seine;Otter;Pair_Trawl
PTB_DEF_>=70_0;OT_DMF;OT_DMF;;PTB_DEF;PTB;Pair_Trawl_Seine;Otter;Pair_Trawl
PTB_DEF_NA_0_0;OT_DMF;OT_DMF;;PTB_DEF;PTB;Pair_Trawl_Seine;Otter;Pair_Trawl
PTB_FWS_>0_0_0;OT_DMF;OT_DMF;;PTB_FWS;PTB;Pair_Trawl_Seine;Otter;Pair_Trawl
PTB_FWS_NA_0_0;OT_DMF;OT_DMF;;PTB_FWS;PTB;Pair_Trawl_Seine;Otter;Pair_Trawl
PTB_LPF_100-119_0_0;NA;OT_MIX_DMF_PEL;;PTB_LPF;PTB;Pair_Trawl_Seine;Otter;Pair_Trawl
PTB_MCD_100-119_0_0;OT_MIX_CRU;OT_MIX_CRU_DMF;OT_MIX_NEP;PTB_MCD;PTB;Pair_Trawl_Seine;Otter;Pair_Trawl
PTB_MCD_70-99_0_0;OT_MIX_CRU;OT_MIX_CRU_DMF;OT_MIX_NEP;PTB_MCD;PTB;Pair_Trawl_Seine;Otter;Pair_Trawl
PTB_MCD_90-119_0_0;OT_MIX_CRU;OT_MIX_CRU_DMF;OT_MIX_NEP;PTB_MCD;PTB;Pair_Trawl_Seine;Otter;Pair_Trawl
PTB_MCD_>=120_0_0;OT_MIX_CRU;OT_MIX_CRU_DMF;OT_MIX_NEP;PTB_MCD;PTB;Pair_Trawl_Seine;Otter;Pair_Trawl
PTB_MOL_70-99_0_0;OT_MIX;OT_MIX;;PTB_MOL;PTB;Pair_Trawl_Seine;Otter;Pair_Trawl
PTB_MOL_874;OT_MIX;OT_MIX;;PTB_MOL;PTB;Pair_Trawl_Seine;Otter;Pair_Trawl
PTB_NOC_>=120_0_0;;OT_MIX;;PTB_NOC;PTB;Pair_Trawl_Seine;Otter;Pair_Trawl
PTB_SPF_0;;OT_SPF;;PTB_SPF;PTB;Pair_Trawl_Seine;Otter;Pair_Trawl
PTB_SPF_100-119_0_0;OT_SPF;OT_SPF;;PTB_SPF;PTB;Pair_Trawl_Seine;Otter;Pair_Trawl
PTB_SPF_16-104_0_0;OT_SPF;OT_SPF;;PTB_SPF;PTB;Pair_Trawl_Seine;Otter;Pair_Trawl
PTB_SPF_16-31_0_0;OT_SPF;OT_SPF;;PTB_SPF;PTB;Pair_Trawl_Seine;Otter;Pair_Trawl
PTB_SPF_32-104_0_0;OT_SPF;OT_SPF;;PTB_SPF;PTB;Pair_Trawl_Seine;Otter;Pair_Trawl
PTB_SPF_32-54_0_0;OT_SPF;OT_SPF;;PTB_SPF;PTB;Pair_Trawl_Seine;Otter;Pair_Trawl
PTB_SPF_32-69_0_0;OT_SPF;OT_SPF;;PTB_SPF;PTB;Pair_Trawl_Seine;Otter;Pair_Trawl
PTB_SPF_32-89_0_0;OT_SPF;OT_SPF;;PTB_SPF;PTB;Pair_Trawl_Seine;Otter;Pair_Trawl
PTB_SPF_70-99_0_0;OT_SPF;OT_SPF;;PTB_SPF;PTB;Pair_Trawl_Seine;Otter;Pair_Trawl
PTB_SPF_>=105_1_110;OT_SPF;OT_SPF;;PTB_SPF;PTB;Pair_Trawl_Seine;Otter;Pair_Trawl
PTB_SPF_>=105_1_120;OT_SPF;OT_SPF;;PTB_SPF;PTB;Pair_Trawl_Seine;Otter;Pair_Trawl
PTB_SPF_>=120_0_0;OT_SPF;OT_SPF;;PTB_SPF;PTB;Pair_Trawl_Seine;Otter;Pair_Trawl
PTB_SPF_NA_0_0;OT_SPF;OT_SPF;;PTB_SPF;PTB;Pair_Trawl_Seine;Otter;Pair_Trawl
PTB_UNK_0;;OT_MIX;;PTB_UNK;PTB;Pair_Trawl_Seine;Otter;Pair_Trawl
PTB_unk_0_0;NA;OT_MIX;;PTB_unk;PTB;Pair_Trawl_Seine;Otter;Pair_Trawl
PTM_CEP_100_119_0;NA;NA;;PTM_CEP;PTM;NA;Midwater;Midwater_Pair_Trawl
PTM_CEP_16_31_0;NA;NA;;PTM_CEP;PTM;NA;Midwater;Midwater_Pair_Trawl
PTM_CEP_32_54_0;;NA;;PTM_CEP;PTM;NA;Midwater;Midwater_Pair_Trawl
PTM_CEP_32_69_0;NA;NA;;PTM_CEP;PTM;NA;Midwater;Midwater_Pair_Trawl
PTM_CEP_70_99_0;NA;NA;;PTM_CEP;PTM;NA;Midwater;Midwater_Pair_Trawl
PTM_CEP_>=70_0;NA;NA;;PTM_CEP;PTM;NA;Midwater;Midwater_Pair_Trawl
PTM_CRU_0;;NA;;PTM_CRU;PTM;NA;Midwater;Midwater_Pair_Trawl
PTM_CRU_100-119_0_0;NA;NA;;PTM_CRU;PTM;NA;Midwater;Midwater_Pair_Trawl
PTM_CRU_32-69_0_0;NA;NA;;PTM_CRU;PTM;NA;Midwater;Midwater_Pair_Trawl
PTM_CRU_70-99_0_0;NA;NA;;PTM_CRU;PTM;NA;Midwater;Midwater_Pair_Trawl
PTM_DEF_0;;NA;;PTM_DEF;PTM;NA;Midwater;Midwater_Pair_Trawl
PTM_DEF_0_0_0;NA;NA;;PTM_DEF;PTM;NA;Midwater;Midwater_Pair_Trawl
PTM_DEF_0_16_0;NA;NA;;PTM_DEF;PTM;NA;Midwater;Midwater_Pair_Trawl
PTM_DEF_100-119_0_0;NA;NA;;PTM_DEF;PTM;NA;Midwater;Midwater_Pair_Trawl
PTM_DEF_100_119_0;NA;NA;;PTM_DEF;PTM;NA;Midwater;Midwater_Pair_Trawl
PTM_DEF_1249;NA;NA;;PTM_DEF;PTM;NA;Midwater;Midwater_Pair_Trawl
PTM_DEF_16-31_0_0;NA;NA;;PTM_DEF;PTM;NA;Midwater;Midwater_Pair_Trawl
PTM_DEF_16_31_0;NA;NA;;PTM_DEF;PTM;NA;Midwater;Midwater_Pair_Trawl
PTM_DEF_1749;NA;NA;;PTM_DEF;PTM;NA;Midwater;Midwater_Pair_Trawl
PTM_DEF_2499;NA;NA;;PTM_DEF;PTM;NA;Midwater;Midwater_Pair_Trawl
PTM_DEF_32-69_0_0;NA;NA;;PTM_DEF;PTM;NA;Midwater;Midwater_Pair_Trawl
PTM_DEF_32_54_0;NA;NA;;PTM_DEF;PTM;NA;Midwater;Midwater_Pair_Trawl
PTM_DEF_32_69_0;NA;NA;;PTM_DEF;PTM;NA;Midwater;Midwater_Pair_Trawl
PTM_DEF_3999;NA;NA;;PTM_DEF;PTM;NA;Midwater;Midwater_Pair_Trawl
PTM_DEF_5000;NA;NA;;PTM_DEF;PTM;NA;Midwater;Midwater_Pair_Trawl
PTM_DEF_55_69_0;NA;NA;;PTM_DEF;PTM;NA;Midwater;Midwater_Pair_Trawl
PTM_DEF_70-99_0_0;NA;NA;;PTM_DEF;PTM;NA;Midwater;Midwater_Pair_Trawl
PTM_DEF_70_99_0;NA;NA;;PTM_DEF;PTM;NA;Midwater;Midwater_Pair_Trawl
PTM_DEF_874;NA;NA;;PTM_DEF;PTM;NA;Midwater;Midwater_Pair_Trawl
PTM_DEF_90-104_0_0;NA;NA;;PTM_DEF;PTM;NA;Midwater;Midwater_Pair_Trawl
PTM_DEF_<16_0_0;NA;NA;;PTM_DEF;PTM;NA;Midwater;Midwater_Pair_Trawl
PTM_DEF_>=105_1_110;NA;NA;;PTM_DEF;PTM;NA;Midwater;Midwater_Pair_Trawl
PTM_DEF_>=105_1_120;NA;NA;;PTM_DEF;PTM;NA;Midwater;Midwater_Pair_Trawl
PTM_DEF_>=120_0;NA;NA;;PTM_DEF;PTM;NA;Midwater;Midwater_Pair_Trawl
PTM_DEF_>=120_0_0;NA;NA;;PTM_DEF;PTM;NA;Midwater;Midwater_Pair_Trawl
PTM_DEF_>=65_0;NA;NA;;PTM_DEF;PTM;NA;Midwater;Midwater_Pair_Trawl
PTM_DEF_>=70_0;NA;NA;;PTM_DEF;PTM;NA;Midwater;Midwater_Pair_Trawl
PTM_DWS_0;;NA;;PTM_DWS;PTM;NA;Midwater;Midwater_Pair_Trawl
PTM_DWS_1249;NA;NA;;PTM_DWS;PTM;NA;Midwater;Midwater_Pair_Trawl
PTM_DWS_1749;NA;NA;;PTM_DWS;PTM;NA;Midwater;Midwater_Pair_Trawl
PTM_DWS_2499;NA;NA;;PTM_DWS;PTM;NA;Midwater;Midwater_Pair_Trawl
PTM_DWS_3999;NA;NA;;PTM_DWS;PTM;NA;Midwater;Midwater_Pair_Trawl
PTM_DWS_5000;NA;NA;;PTM_DWS;PTM;NA;Midwater;Midwater_Pair_Trawl
PTM_FWS_>0_0_0;NA;NA;;PTM_FWS;PTM;NA;Midwater;Midwater_Pair_Trawl
PTM_LPF_0_0_0;NA;NA;;PTM_LPF;PTM;NA;Midwater;Midwater_Pair_Trawl
PTM_LPF_100-119_0_0;NA;NA;;PTM_LPF;PTM;NA;Midwater;Midwater_Pair_Trawl
PTM_LPF_100_119_0;NA;NA;;PTM_LPF;PTM;NA;Midwater;Midwater_Pair_Trawl
PTM_LPF_16-31_0_0;NA;NA;;PTM_LPF;PTM;NA;Midwater;Midwater_Pair_Trawl
PTM_LPF_16_31_0;NA;NA;;PTM_LPF;PTM;NA;Midwater;Midwater_Pair_Trawl
PTM_LPF_32-54_0_0;NA;NA;;PTM_LPF;PTM;NA;Midwater;Midwater_Pair_Trawl
PTM_LPF_32-69_0_0;NA;NA;;PTM_LPF;PTM;NA;Midwater;Midwater_Pair_Trawl
PTM_LPF_32_54_0;NA;NA;;PTM_LPF;PTM;NA;Midwater;Midwater_Pair_Trawl
PTM_LPF_70-99_0_0;NA;NA;;PTM_LPF;PTM;NA;Midwater;Midwater_Pair_Trawl
PTM_LPF_70_99_0;NA;NA;;PTM_LPF;PTM;NA;Midwater;Midwater_Pair_Trawl
PTM_LPF_>=120_0;NA;NA;;PTM_LPF;PTM;NA;Midwater;Midwater_Pair_Trawl
PTM_LPF_>=120_0_0;NA;NA;;PTM_LPF;PTM;NA;Midwater;Midwater_Pair_Trawl
PTM_LPF_>=70_0;NA;NA;;PTM_LPF;PTM;NA;Midwater;Midwater_Pair_Trawl
PTM_LPF_>=70_0_0;NA;NA;;PTM_LPF;PTM;NA;Midwater;Midwater_Pair_Trawl
PTM_NOC_32-69_0_0;;NA;;PTM_NOC;PTM;NA;Midwater;Midwater_Pair_Trawl
PTM_SPF_0;;NA;;PTM_SPF;PTM;NA;Midwater;Midwater_Pair_Trawl
PTM_SPF_0_0_0;NA;NA;;PTM_SPF;PTM;NA;Midwater;Midwater_Pair_Trawl
PTM_SPF_0_16_0;NA;NA;;PTM_SPF;PTM;NA;Midwater;Midwater_Pair_Trawl
PTM_SPF_100-119_0_0;NA;NA;;PTM_SPF;PTM;NA;Midwater;Midwater_Pair_Trawl
PTM_SPF_100_119_0;NA;NA;;PTM_SPF;PTM;NA;Midwater;Midwater_Pair_Trawl
PTM_SPF_1249;NA;NA;;PTM_SPF;PTM;NA;Midwater;Midwater_Pair_Trawl
PTM_SPF_16-104_0_0;NA;NA;;PTM_SPF;PTM;NA;Midwater;Midwater_Pair_Trawl
PTM_SPF_16-31_0_0;NA;NA;;PTM_SPF;PTM;NA;Midwater;Midwater_Pair_Trawl
PTM_SPF_16_31_0;NA;NA;;PTM_SPF;PTM;NA;Midwater;Midwater_Pair_Trawl
PTM_SPF_1749;NA;NA;;PTM_SPF;PTM;NA;Midwater;Midwater_Pair_Trawl
PTM_SPF_2499;NA;NA;;PTM_SPF;PTM;NA;Midwater;Midwater_Pair_Trawl
PTM_SPF_32-104_0_0;NA;NA;;PTM_SPF;PTM;NA;Midwater;Midwater_Pair_Trawl
PTM_SPF_32-54_0_0;NA;NA;;PTM_SPF;PTM;NA;Midwater;Midwater_Pair_Trawl
PTM_SPF_32-69_0_0;NA;NA;;PTM_SPF;PTM;NA;Midwater;Midwater_Pair_Trawl
PTM_SPF_32-89_0_0;NA;NA;;PTM_SPF;PTM;NA;Midwater;Midwater_Pair_Trawl
PTM_SPF_32_54_0;NA;NA;;PTM_SPF;PTM;NA;Midwater;Midwater_Pair_Trawl
PTM_SPF_32_69_0;NA;NA;;PTM_SPF;PTM;NA;Midwater;Midwater_Pair_Trawl
PTM_SPF_349;NA;NA;;PTM_SPF;PTM;NA;Midwater;Midwater_Pair_Trawl
PTM_SPF_3999;NA;NA;;PTM_SPF;PTM;NA;Midwater;Midwater_Pair_Trawl
PTM_SPF_5000;NA;NA;;PTM_SPF;PTM;NA;Midwater;Midwater_Pair_Trawl
PTM_SPF_55_69_0;NA;NA;;PTM_SPF;PTM;NA;Midwater;Midwater_Pair_Trawl
PTM_SPF_70-99_0_0;NA;NA;;PTM_SPF;PTM;NA;Midwater;Midwater_Pair_Trawl
PTM_SPF_70_99_0;NA;NA;;PTM_SPF;PTM;NA;Midwater;Midwater_Pair_Trawl
PTM_SPF_874;NA;NA;;PTM_SPF;PTM;NA;Midwater;Midwater_Pair_Trawl
PTM_SPF_<16_0_0;;NA;;PTM_SPF;PTM;NA;Midwater;Midwater_Pair_Trawl
PTM_SPF_>=105_1_110;NA;NA;;PTM_SPF;PTM;NA;Midwater;Midwater_Pair_Trawl
PTM_SPF_>=105_1_120;NA;NA;;PTM_SPF;PTM;NA;Midwater;Midwater_Pair_Trawl
PTM_SPF_>=120_0;NA;NA;;PTM_SPF;PTM;NA;Midwater;Midwater_Pair_Trawl
PTM_SPF_>=120_0_0;NA;NA;;PTM_SPF;PTM;NA;Midwater;Midwater_Pair_Trawl
PTM_SPF_>=70_0;NA;NA;;PTM_SPF;PTM;NA;Midwater;Midwater_Pair_Trawl
PTM_SPF_UNK;NA;NA;;PTM_SPF;PTM;NA;Midwater;Midwater_Pair_Trawl
PTM_SPF_misc_0_0;;NA;;PTM_SPF;PTM;NA;Midwater;Midwater_Pair_Trawl
PTM_UNK_0;;NA;;PTM_UNK;PTM;NA;Midwater;Midwater_Pair_Trawl
PTM_UNK_1749;NA;NA;;PTM_UNK;PTM;NA;Midwater;Midwater_Pair_Trawl
PTM_UNK_3999;NA;NA;;PTM_UNK;PTM;NA;Midwater;Midwater_Pair_Trawl
PTM_UNK_UNK;NA;NA;;PTM_UNK;PTM;NA;Midwater;Midwater_Pair_Trawl
PT_DEF_874;OT_DMF;OT_DMF;;PT_DEF;PT;Pair_Trawl_Seine;Otter;Pair_Trawl
PT_SPF_1249;OT_SPF;OT_SPF;;PT_SPF;PT;Pair_Trawl_Seine;Otter;Pair_Trawl
PT_SPF_2499;OT_SPF;OT_SPF;;PT_SPF;PT;Pair_Trawl_Seine;Otter;Pair_Trawl
QUA_MCD_100-119_0_0;;NA;;QUA_MCD;QUA;NA;NA;NA
QUA_MCD_70-99_0_0;;NA;;QUA_MCD;QUA;NA;NA;NA
QUA_UND_70-99_0_0;;NA;;QUA_UND;QUA;NA;NA;NA
SB_DEF_0_0_0;NA;NA;;SB_DEF;SB;NA;Seine;Beach seines
SB_DEF_<16_0_0;NA;NA;;SB_DEF;SB;NA;Seine;Beach seines
SB_FIF_0_0_0;NA;NA;;SB_FIF;SB;NA;Seine;Beach seines
SB_FIF_<16_0_0;NA;NA;;SB_FIF;SB;NA;Seine;Beach seines
SB_FIF_>0_0_0;NA;NA;;SB_FIF;SB;NA;Seine;Beach seines
SB_FIF_NA_0_0;NA;NA;;SB_FIF;SB;NA;Seine;Beach seines
SB_SPF_0_0_0;NA;NA;;SB_SPF;SB;NA;Seine;Beach seines
SDN_CEP_0_0_0;SDN_DMF;SDN_DMF;;SDN_CEP;SDN;NA;Seine;Danish_seine
SDN_CEP_100_119_0;SDN_DMF;SDN_DMF;;SDN_CEP;SDN;NA;Seine;Danish_seine
SDN_CEP_16_31_0;;SDN_DMF;;SDN_CEP;SDN;NA;Seine;Danish_seine
SDN_CEP_32_54_0;SDN_DMF;SDN_DMF;;SDN_CEP;SDN;NA;Seine;Danish_seine
SDN_CEP_32_69_0;SDN_DMF;SDN_DMF;;SDN_CEP;SDN;NA;Seine;Danish_seine
SDN_CEP_70_99_0;SDN_DMF;SDN_DMF;;SDN_CEP;SDN;NA;Seine;Danish_seine
SDN_CEP_>=120_0;;SDN_DMF;;SDN_CEP;SDN;NA;Seine;Danish_seine
SDN_CEP_>=70_0;SDN_DMF;SDN_DMF;;SDN_CEP;SDN;NA;Seine;Danish_seine
SDN_DEF_0;;SDN_DMF;;SDN_DEF;SDN;NA;Seine;Danish_seine
SDN_DEF_0_0_0;SDN_DMF;SDN_DMF;;SDN_DEF;SDN;NA;Seine;Danish_seine
SDN_DEF_0_16_0;SDN_DMF;SDN_DMF;;SDN_DEF;SDN;NA;Seine;Danish_seine
SDN_DEF_100-119_0_0;SDN_DMF;SDN_DMF;;SDN_DEF;SDN;NA;Seine;Danish_seine
SDN_DEF_100_119_0;SDN_DMF;SDN_DMF;;SDN_DEF;SDN;NA;Seine;Danish_seine
SDN_DEF_1249;SDN_DMF;SDN_DMF;;SDN_DEF;SDN;NA;Seine;Danish_seine
SDN_DEF_2499;SDN_DMF;SDN_DMF;;SDN_DEF;SDN;NA;Seine;Danish_seine
SDN_DEF_32-54_0_0;;SDN_DMF;;SDN_DEF;SDN;NA;Seine;Danish_seine
SDN_DEF_32_69_0;SDN_DMF;SDN_DMF;;SDN_DEF;SDN;NA;Seine;Danish_seine
SDN_DEF_349;SDN_DMF;SDN_DMF;;SDN_DEF;SDN;NA;Seine;Danish_seine
SDN_DEF_624;SDN_DMF;SDN_DMF;;SDN_DEF;SDN;NA;Seine;Danish_seine
SDN_DEF_70-99_0_0;SDN_DMF;SDN_DMF;;SDN_DEF;SDN;NA;Seine;Danish_seine
SDN_DEF_70_99_0;SDN_DMF;SDN_DMF;;SDN_DEF;SDN;NA;Seine;Danish_seine
SDN_DEF_874;SDN_DMF;SDN_DMF;;SDN_DEF;SDN;NA;Seine;Danish_seine
SDN_DEF_90-119_0_0;SDN_DMF;SDN_DMF;;SDN_DEF;SDN;NA;Seine;Danish_seine
SDN_DEF_>0;;SDN_DMF;;SDN_DEF;SDN;NA;Seine;Danish_seine
SDN_DEF_>0_0_0;SDN_DMF;SDN_DMF;;SDN_DEF;SDN;NA;Seine;Danish_seine
SDN_DEF_>=105_0_0;SDN_DMF;SDN_DMF;;SDN_DEF;SDN;NA;Seine;Danish_seine
SDN_DEF_>=105_1_110;SDN_DMF;SDN_DMF;;SDN_DEF;SDN;NA;Seine;Danish_seine
SDN_DEF_>=105_1_120;SDN_DMF;SDN_DMF;;SDN_DEF;SDN;NA;Seine;Danish_seine
SDN_DEF_>=120_0;SDN_DMF;SDN_DMF;;SDN_DEF;SDN;NA;Seine;Danish_seine
SDN_DEF_>=120_0_0;SDN_DMF;SDN_DMF;;SDN_DEF;SDN;NA;Seine;Danish_seine
SDN_DEF_>=70_0;SDN_DMF;SDN_DMF;;SDN_DEF;SDN;NA;Seine;Danish_seine
SDN_FWS_0_0_0;NA;SDN_DMF;;SDN_FWS;SDN;NA;Seine;Danish_seine
SDN_SPF_0_0_0;NA;SDN_DMF;;SDN_SPF;SDN;NA;Seine;Danish_seine
SDN_SPF_32-54_0_0;NA;SDN_DMF;;SDN_SPF;SDN;NA;Seine;Danish_seine
SPR_DEF_0;;SDN_DMF;;SPR_DEF;SPR;Pair_Trawl_Seine;Seine;Pair_seine
SPR_DEF_100-119_0_0;SDN_DMF;SDN_DMF;;SPR_DEF;SPR;Pair_Trawl_Seine;Seine;Pair_seine
SPR_DEF_1249;SDN_DMF;SDN_DMF;;SPR_DEF;SPR;Pair_Trawl_Seine;Seine;Pair_seine
SPR_DEF_70-99_0_0;SDN_DMF;SDN_DMF;;SPR_DEF;SPR;Pair_Trawl_Seine;Seine;Pair_seine
SPR_DEF_>=120_0_0;;SDN_DMF;;SPR_DEF;SPR;Pair_Trawl_Seine;Seine;Pair_seine
SSC_CRU_0;;SSC_DMF;;SSC_CRU;SSC;NA;Seine;Scottish_Seine
SSC_CRU_100-119_0_0;;SSC_DMF;;SSC_CRU;SSC;NA;Seine;Scottish_Seine
SSC_CRU_349;SSC_DMF;SSC_DMF;;SSC_CRU;SSC;NA;Seine;Scottish_Seine
SSC_CRU_624;SSC_DMF;SSC_DMF;;SSC_CRU;SSC;NA;Seine;Scottish_Seine
SSC_DEF_0;;SSC_DMF;;SSC_DEF;SSC;NA;Seine;Scottish_Seine
SSC_DEF_0_0_0;SSC_DMF;SSC_DMF;;SSC_DEF;SSC;NA;Seine;Scottish_Seine
SSC_DEF_100-119;SSC_DMF;SSC_DMF;;SSC_DEF;SSC;NA;Seine;Scottish_Seine
SSC_DEF_100-119_0_0;SSC_DMF;SSC_DMF;;SSC_DEF;SSC;NA;Seine;Scottish_Seine
SSC_DEF_1249;SSC_DMF;SSC_DMF;;SSC_DEF;SSC;NA;Seine;Scottish_Seine
SSC_DEF_1749;SSC_DMF;SSC_DMF;;SSC_DEF;SSC;NA;Seine;Scottish_Seine
SSC_DEF_2499;SSC_DMF;SSC_DMF;;SSC_DEF;SSC;NA;Seine;Scottish_Seine
SSC_DEF_32-69_0_0;SSC_DMF;SSC_DMF;;SSC_DEF;SSC;NA;Seine;Scottish_Seine
SSC_DEF_349;SSC_DMF;SSC_DMF;;SSC_DEF;SSC;NA;Seine;Scottish_Seine
SSC_DEF_3999;SSC_DMF;SSC_DMF;;SSC_DEF;SSC;NA;Seine;Scottish_Seine
SSC_DEF_624;SSC_DMF;SSC_DMF;;SSC_DEF;SSC;NA;Seine;Scottish_Seine
SSC_DEF_70-99;SSC_DMF;SSC_DMF;;SSC_DEF;SSC;NA;Seine;Scottish_Seine
SSC_DEF_70-99_0_0;SSC_DMF;SSC_DMF;;SSC_DEF;SSC;NA;Seine;Scottish_Seine
SSC_DEF_874;SSC_DMF;SSC_DMF;;SSC_DEF;SSC;NA;Seine;Scottish_Seine
SSC_DEF_90-119_0_0;SSC_DMF;SSC_DMF;;SSC_DEF;SSC;NA;Seine;Scottish_Seine
SSC_DEF_<16_0_0;;SSC_DMF;;SSC_DEF;SSC;NA;Seine;Scottish_Seine
SSC_DEF_>=105_1_110;SSC_DMF;SSC_DMF;;SSC_DEF;SSC;NA;Seine;Scottish_Seine
SSC_DEF_>=105_1_120;SSC_DMF;SSC_DMF;;SSC_DEF;SSC;NA;Seine;Scottish_Seine
SSC_DEF_>=120;SSC_DMF;SSC_DMF;;SSC_DEF;SSC;NA;Seine;Scottish_Seine
SSC_DEF_>=120_0_0;SSC_DMF;SSC_DMF;;SSC_DEF;SSC;NA;Seine;Scottish_Seine
SSC_DEF_>=16_0_0;;SSC_DMF;;SSC_DEF;SSC;NA;Seine;Scottish_Seine
SSC_DEF_>=70_0_0;SSC_DMF;SSC_DMF;;SSC_DEF;SSC;NA;Seine;Scottish_Seine
SSC_DEF_UND_0_0;SSC_DMF;SSC_DMF;;SSC_DEF;SSC;NA;Seine;Scottish_Seine
SSC_DWS_1249;NA;SSC_DMF;;SSC_DWS;SSC;NA;Seine;Scottish_Seine
SSC_MCF_100-119_0_0;SSC_DMF;SSC_DMF;;SSC_MCF;SSC;NA;Seine;Scottish_Seine
SSC_NOC_>=120_0_0;;SSC_DMF;;SSC_NOC;SSC;NA;Seine;Scottish_Seine
SSC_SPF_0;;SSC_DMF;;SSC_SPF;SSC;NA;Seine;Scottish_Seine
SSC_SPF_1249;NA;SSC_DMF;;SSC_SPF;SSC;NA;Seine;Scottish_Seine
SSC_SPF_1749;NA;SSC_DMF;;SSC_SPF;SSC;NA;Seine;Scottish_Seine
SSC_SPF_2499;NA;SSC_DMF;;SSC_SPF;SSC;NA;Seine;Scottish_Seine
SSC_SPF_624;NA;SSC_DMF;;SSC_SPF;SSC;NA;Seine;Scottish_Seine
SSC_SPF_874;NA;SSC_DMF;;SSC_SPF;SSC;NA;Seine;Scottish_Seine
SSC_UNK_0;;SSC_DMF;;SSC_UNK;SSC;NA;Seine;Scottish_Seine
SSC_UNK_1249;NA;SSC_DMF;;SSC_UNK;SSC;NA;Seine;Scottish_Seine
SSC_UNK_1749;NA;SSC_DMF;;SSC_UNK;SSC;NA;Seine;Scottish_Seine
SSC_UNK_349;NA;SSC_DMF;;SSC_UNK;SSC;NA;Seine;Scottish_Seine
SSC_UNK_624;NA;SSC_DMF;;SSC_UNK;SSC;NA;Seine;Scottish_Seine
SSC_UNK_874;NA;SSC_DMF;;SSC_UNK;SSC;NA;Seine;Scottish_Seine
SUM_UND_100-119_0_0;;NA;;SUM_UND;SUM;NA;NA;NA
SUM_UND_>=120_0_0;;NA;;SUM_UND;SUM;NA;NA;NA
SV_DEF_0;;SDN_DMF;;SV_DEF;SV;Seine;Seine;Seine
SV_DEF_1249;SDN_DMF;SDN_DMF;;SV_DEF;SV;Seine;Seine;Seine
SV_DEF_1749;SDN_DMF;SDN_DMF;;SV_DEF;SV;Seine;Seine;Seine
SV_DEF_2499;SDN_DMF;SDN_DMF;;SV_DEF;SV;Seine;Seine;Seine
SV_DEF_349;SDN_DMF;SDN_DMF;;SV_DEF;SV;Seine;Seine;Seine
SV_DEF_624;SDN_DMF;SDN_DMF;;SV_DEF;SV;Seine;Seine;Seine
SV_DEF_874;SDN_DMF;SDN_DMF;;SV_DEF;SV;Seine;Seine;Seine
SV_FIF_0_0_0;NA;SDN_DMF;;SV_FIF;SV;Seine;Seine;Seine
SV_SPF_0;;SDN_DMF;;SV_SPF;SV;Seine;Seine;Seine
SV_SPF_0_0_0;NA;SDN_DMF;;SV_SPF;SV;Seine;Seine;Seine
SV_SPF_624;NA;SDN_DMF;;SV_SPF;SV;Seine;Seine;Seine
SX_DEF_0;;SDN_DMF;;SX_DEF;SX;NA;Seine;Seine
SX_DEF_2499;SDN_DMF;SDN_DMF;;SX_DEF;SX;NA;Seine;Seine
SX_DEF_624;SDN_DMF;SDN_DMF;;SX_DEF;SX;NA;Seine;Seine
SX_SPF_0;;SDN_DMF;;SX_SPF;SX;NA;Seine;Seine
SX_SPF_624;NA;SDN_DMF;;SX_SPF;SX;NA;Seine;Seine
TBB_CEP_0_0_0;TBB_DMF;TBB_DMF;;TBB_CEP;TBB;Beam_Trawl;Beam;Beam_Trawl
TBB_CRU_0_0_0;TBB_CRU;TBB_CRU;;TBB_CRU;TBB;Beam_Trawl;Beam;Beam_Trawl
TBB_CRU_100-119_0_0;TBB_CRU;TBB_CRU;;TBB_CRU;TBB;Beam_Trawl;Beam;Beam_Trawl
TBB_CRU_100_119_0;TBB_CRU;TBB_CRU;;TBB_CRU;TBB;Beam_Trawl;Beam;Beam_Trawl
TBB_CRU_16-31;TBB_CRU;TBB_CRU;;TBB_CRU;TBB;Beam_Trawl;Beam;Beam_Trawl
TBB_CRU_16-31_0_0;TBB_CRU;TBB_CRU;;TBB_CRU;TBB;Beam_Trawl;Beam;Beam_Trawl
TBB_CRU_16_31_0;TBB_CRU;TBB_CRU;;TBB_CRU;TBB;Beam_Trawl;Beam;Beam_Trawl
TBB_CRU_32-69_0_0;TBB_CRU;TBB_CRU;;TBB_CRU;TBB;Beam_Trawl;Beam;Beam_Trawl
TBB_CRU_70-99_0_0;TBB_CRU;TBB_CRU;;TBB_CRU;TBB;Beam_Trawl;Beam;Beam_Trawl
TBB_CRU_70_99_0;TBB_CRU;TBB_CRU;;TBB_CRU;TBB;Beam_Trawl;Beam;Beam_Trawl
TBB_CRU_<16_0_0;TBB_CRU;TBB_CRU;;TBB_CRU;TBB;Beam_Trawl;Beam;Beam_Trawl
TBB_CRU_>=120_0_0;TBB_CRU;TBB_CRU;;TBB_CRU;TBB;Beam_Trawl;Beam;Beam_Trawl
TBB_CRU_>=70_0;TBB_CRU;TBB_CRU;;TBB_CRU;TBB;Beam_Trawl;Beam;Beam_Trawl
TBB_DEF_0;TBB_DMF;TBB_DMF;;TBB_DEF;TBB;Beam_Trawl;Beam;Beam_Trawl
TBB_DEF_0_0_0;TBB_DMF;TBB_DMF;;TBB_DEF;TBB;Beam_Trawl;Beam;Beam_Trawl
TBB_DEF_0_16_0;TBB_DMF;TBB_DMF;;TBB_DEF;TBB;Beam_Trawl;Beam;Beam_Trawl
TBB_DEF_100-119;TBB_DMF;TBB_DMF;;TBB_DEF;TBB;Beam_Trawl;Beam;Beam_Trawl
TBB_DEF_100-119_0_0;TBB_DMF;TBB_DMF;;TBB_DEF;TBB;Beam_Trawl;Beam;Beam_Trawl
TBB_DEF_100_119_0;TBB_DMF;TBB_DMF;;TBB_DEF;TBB;Beam_Trawl;Beam;Beam_Trawl
TBB_DEF_16-31_0_0;TBB_DMF;TBB_DMF;;TBB_DEF;TBB;Beam_Trawl;Beam;Beam_Trawl
TBB_DEF_16_31_0;TBB_DMF;TBB_DMF;;TBB_DEF;TBB;Beam_Trawl;Beam;Beam_Trawl
TBB_DEF_32-69_0_0;TBB_DMF;TBB_DMF;;TBB_DEF;TBB;Beam_Trawl;Beam;Beam_Trawl
TBB_DEF_32_69_0;TBB_DMF;TBB_DMF;;TBB_DEF;TBB;Beam_Trawl;Beam;Beam_Trawl
TBB_DEF_70-89_0_0;TBB_DMF;TBB_DMF;;TBB_DEF;TBB;Beam_Trawl;Beam;Beam_Trawl
TBB_DEF_70-99;TBB_DMF;TBB_DMF;;TBB_DEF;TBB;Beam_Trawl;Beam;Beam_Trawl
TBB_DEF_70-99_0_0;TBB_DMF;TBB_DMF;;TBB_DEF;TBB;Beam_Trawl;Beam;Beam_Trawl
TBB_DEF_70_99_0;TBB_DMF;TBB_DMF;;TBB_DEF;TBB;Beam_Trawl;Beam;Beam_Trawl
TBB_DEF_90-119_0_0;TBB_DMF;TBB_DMF;;TBB_DEF;TBB;Beam_Trawl;Beam;Beam_Trawl
TBB_DEF_<16_0_0;TBB_DMF;TBB_DMF;;TBB_DEF;TBB;Beam_Trawl;Beam;Beam_Trawl
TBB_DEF_>=120;TBB_DMF;TBB_DMF;;TBB_DEF;TBB;Beam_Trawl;Beam;Beam_Trawl
TBB_DEF_>=120_0;TBB_DMF;TBB_DMF;;TBB_DEF;TBB;Beam_Trawl;Beam;Beam_Trawl
TBB_DEF_>=120_0_0;TBB_DMF;TBB_DMF;;TBB_DEF;TBB;Beam_Trawl;Beam;Beam_Trawl
TBB_DEF_>=70_0;TBB_DMF;TBB_DMF;;TBB_DEF;TBB;Beam_Trawl;Beam;Beam_Trawl
TBB_DEF_UND_0_0;TBB_DMF;TBB_DMF;;TBB_DEF;TBB;Beam_Trawl;Beam;Beam_Trawl
TBB_DWS_70-99_0_0;NA;TBB_DMF;;TBB_DWS;TBB;Beam_Trawl;Beam;Beam_Trawl
TBB_MCD_16-31_0_0;TBB_CRU;TBB_CRU;;TBB_MCD;TBB;Beam_Trawl;Beam;Beam_Trawl
TBB_MCD_70-99_0_0;TBB_CRU;TBB_DMF;;TBB_MCD;TBB;Beam_Trawl;Beam;Beam_Trawl
TBB_MCD_>=120_0_0;TBB_CRU;TBB_DMF;;TBB_MCD;TBB;Beam_Trawl;Beam;Beam_Trawl
TBB_MOL_0_0_0;TBB_MOL;TBB_MOL;;TBB_MOL;TBB;Beam_Trawl;Beam;Beam_Trawl
TBB_MOL_100-119_0_0;TBB_MOL;TBB_MOL;;TBB_MOL;TBB;Beam_Trawl;Beam;Beam_Trawl
TBB_MOL_16_31_0;TBB_MOL;TBB_MOL;;TBB_MOL;TBB;Beam_Trawl;Beam;Beam_Trawl
TBB_MOL_70-99_0_0;TBB_MOL;TBB_MOL;;TBB_MOL;TBB;Beam_Trawl;Beam;Beam_Trawl
TBB_MOL_70_99_0;TBB_MOL;TBB_MOL;;TBB_MOL;TBB;Beam_Trawl;Beam;Beam_Trawl
TBB_SPF_70-99_0_0;NA;TBB_DMF;;TBB_SPF;TNN;Beam_Trawl;Beam;Beam_Trawl
TBN_CRU_0;;OT_CRU;;TBN_CRU;TBN;Nephrops_Trawl;Otter;Nephrops_Trawl
TBN_CRU_349;OT_CRU;OT_CRU;;TBN_CRU;TBN;Nephrops_Trawl;Otter;Nephrops_Trawl
TBN_CRU_624;OT_CRU;OT_CRU;;TBN_CRU;TBN;Nephrops_Trawl;Otter;Nephrops_Trawl
TBN_DEF_0;;OT_CRU;;TBN_DEF;TBN;Nephrops_Trawl;Otter;Nephrops_Trawl
TBN_DEF_349;OT_DMF;OT_CRU;;TBN_DEF;TBN;Nephrops_Trawl;Otter;Nephrops_Trawl
TBN_DEF_624;OT_DMF;OT_CRU;;TBN_DEF;TBN;Nephrops_Trawl;Otter;Nephrops_Trawl
TBN_UNK_0;;OT_CRU;;TBN_UNK;TBN;Nephrops_Trawl;Otter;Nephrops_Trawl
TBN_UNK_624;NA;OT_CRU;;TBN_UNK;TBN;Nephrops_Trawl;Otter;Nephrops_Trawl
TBS_CRU_0;;OT_CRU;;TBS_CRU;TBS;Otter_Trawl;Otter;Shrimp_Trawl
TBS_CRU_1249;OT_CRU;OT_CRU;;TBS_CRU;TBS;Otter_Trawl;Otter;Shrimp_Trawl
TBS_CRU_16-31_0_0;;OT_CRU;;TBS_CRU;TBS;Otter_Trawl;Otter;Shrimp_Trawl
TBS_CRU_349;OT_CRU;OT_CRU;;TBS_CRU;TBS;Otter_Trawl;Otter;Shrimp_Trawl
TBS_CRU_5000;OT_CRU;OT_CRU;;TBS_CRU;TBS;Otter_Trawl;Otter;Shrimp_Trawl
TBS_CRU_624;OT_CRU;OT_CRU;;TBS_CRU;TBS;Otter_Trawl;Otter;Shrimp_Trawl
TBS_CRU_874;OT_CRU;OT_CRU;;TBS_CRU;TBS;Otter_Trawl;Otter;Shrimp_Trawl
TBS_CRU_<16_0_0;;OT_CRU;;TBS_CRU;TBS;Otter_Trawl;Otter;Shrimp_Trawl
TBS_DEF_0;;OT_CRU;;TBS_DEF;TBS;Otter_Trawl;Otter;Shrimp_Trawl
TBS_DEF_1249;OT_DMF;OT_CRU;;TBS_DEF;TBS;Otter_Trawl;Otter;Shrimp_Trawl
TBS_DEF_16-31_0_0;OT_DMF;OT_CRU;;TBS_DEF;TBS;Otter_Trawl;Otter;Shrimp_Trawl
TBS_DEF_349;OT_DMF;OT_CRU;;TBS_DEF;TBS;Otter_Trawl;Otter;Shrimp_Trawl
TBS_DEF_624;OT_DMF;OT_CRU;;TBS_DEF;TBS;Otter_Trawl;Otter;Shrimp_Trawl
TBS_DEF_874;OT_DMF;OT_CRU;;TBS_DEF;TBS;Otter_Trawl;Otter;Shrimp_Trawl
TBS_SPF_0;;OT_CRU;;TBS_SPF;TBS;Otter_Trawl;Otter;Shrimp_Trawl
TBS_SPF_1249;OT_SPF;OT_CRU;;TBS_SPF;TBS;Otter_Trawl;Otter;Shrimp_Trawl
TBS_SPF_349;OT_SPF;OT_CRU;;TBS_SPF;TBS;Otter_Trawl;Otter;Shrimp_Trawl
TBS_SPF_5000;OT_SPF;OT_CRU;;TBS_SPF;TBS;Otter_Trawl;Otter;Shrimp_Trawl
TBS_UNK_0;;OT_CRU;;TBS_UNK;TBS;Otter_Trawl;Otter;Shrimp_Trawl
TBS_UNK_349;NA;OT_CRU;;TBS_UNK;TBS;Otter_Trawl;Otter;Shrimp_Trawl
TBS_UNK_874;NA;OT_CRU;;TBS_UNK;TBS;Otter_Trawl;Otter;Shrimp_Trawl
TB_CRU_0;;OT_CRU;;TB_CRU;TB;Otter_Trawl;Otter;Bottom_Trawl
TB_CRU_624;OT_CRU;OT_CRU;;TB_CRU;TB;Otter_Trawl;Otter;Bottom_Trawl
TB_DEF_0;;OT_DMF;;TB_DEF;TB;Otter_Trawl;Otter;Bottom_Trawl
TB_DEF_3999;OT_DMF;OT_DMF;;TB_DEF;TB;Otter_Trawl;Otter;Bottom_Trawl
TB_DEF_624;OT_DMF;OT_DMF;;TB_DEF;TB;Otter_Trawl;Otter;Bottom_Trawl
TB_SPF_0;;OT_SPF;;TB_SPF;TB;Otter_Trawl;Otter;Bottom_Trawl
TB_SPF_3999;OT_SPF;OT_SPF;;TB_SPF;TB;Otter_Trawl;Otter;Bottom_Trawl
TB_SPF_5000;OT_SPF;OT_SPF;;TB_SPF;TB;Otter_Trawl;Otter;Bottom_Trawl
TMS_CRU_0;;OT_CRU;;TMS_CRU;TMS;NA;Midwater;Midwater_Beam
TMS_CRU_2499;NA;OT_CRU;;TMS_CRU;TMS;NA;Midwater;Midwater_Beam
TMS_CRU_349;NA;OT_CRU;;TMS_CRU;TMS;NA;Midwater;Midwater_Beam
TMS_CRU_624;NA;OT_CRU;;TMS_CRU;TMS;NA;Midwater;Midwater_Beam
TMS_CRU_874;NA;OT_CRU;;TMS_CRU;TMS;NA;Midwater;Midwater_Beam
TMS_DEF_0;;OT_CRU;;TMS_DEF;TMS;NA;Midwater;Midwater_Beam
TMS_DEF_874;NA;OT_CRU;;TMS_DEF;TMS;NA;Midwater;Midwater_Beam
TM_DEF_0;;NA;;TM_DEF;TM;NA;Midwater;Midwater_Beam
TM_DEF_349;NA;NA;;TM_DEF;TM;NA;Midwater;Midwater_Beam
TM_SPF_0;;NA;;TM_SPF;TM;NA;Midwater;Midwater_Beam
TM_SPF_349;NA;NA;;TM_SPF;TM;NA;Midwater;Midwater_Beam
TM_SPF_3999;NA;NA;;TM_SPF;TM;NA;Midwater;Midwater_Beam
TM_SPF_5000;NA;NA;;TM_SPF;TM;NA;Midwater;Midwater_Beam
TX_CRU_349;NA;NA;;TX_CRU;TX;NA;Other;Other
UNKNOWN;NA;NA;;NA;NA;NA;NA;NA
XXXXXXXXXXXXXXXXXXXX;NA;NA;;NA;NA;NA;NA;NA
XXXXXXXXXXXXXXXXXXXXXXX;;NA;;NA;NA;NA;NA;NA
XXX_vvv_vvv_vvv_vvv;NA;NA;;NA;NA;NA;NA;NA
;;;;;;;;
;;;;;;;;
;;;;;;;;
;;;;;;;;
;;;;;;;;
;;;;;;;;
;;;;;;;;
;;;;;;;;
;;;;;;;;
;;;;;;;;
;;;;;;;;
;;;;;;;;
;;;;;;;;
;;;;;;;;
;;;;;;;;
;;;;;;;;
;;;;;;;;
;;;;;;;;
;;;;;;;;
;;;;;;;;
;;;;;;;;
;;;;;;;;
;;;;;;;;
;;;;;;;;
;;;;;;;;
;;;;;;;;
;;;;;;;;
;;;;;;;;
;;;;;;;;
;;;;;;;;
;;;;;;;;
;;;;;;;;
;;;;;;;;
;;;;;;;;
;;;;;;;;
;;;;;;;;
;;;;;;;;
;;;;;;;;
